task,scorer,auroc,ci_lo,ci_hi,auprc,sens90,ens_minus,ens_minus_lo,ens_minus_hi,seedmean_minus,seedmean_minus_lo,seedmean_minus_hi,n,n_pos
Q1maj_c3_vs_c1,detector_ens,0.9782407280523464,0.7730772286028738,0.9999298583947138,0.9712809126203921,0.9562165157953076,0.0,0.0,0.0,-0.0008060339106008563,-0.008961332355509267,-1.5803943092235217e-05,23970,5413
Q1maj_c3_vs_c1,detector_ch1_ens,0.9569562739777675,0.5829497838655157,0.9968780548726061,0.9505874866704819,0.9242564197302789,0.021284454074578907,0.0029874296445574072,0.35717515129698013,0.02047842016397805,0.002963026914608599,0.35208801357128156,23970,5413
Q1maj_c3_vs_c1,detector_max_ens,0.9777931428932208,0.7810128084266009,0.998519315979664,0.9614044905928588,0.9578791797524479,0.00044758515912557417,-0.010541515381602695,0.04722280331338362,-0.0003584487514752821,-0.018755771974605602,0.04574887846819697,23970,5413
Q1maj_c3_vs_c1,SQI_bsqi_bad,0.9849927387559628,0.688865266684377,0.999472037686299,0.9700324962537548,0.9307223351191576,-0.006752010703616418,-0.08430068351090525,0.14847836283708776,-0.007558044614217274,-0.09103479580089144,0.14383132609950772,23970,5413
Q1maj_c3_vs_c1,SQI_ksqi_bad,0.9686184858648874,0.8215224915805038,0.991805329157898,0.8076496873302554,0.9613892481064105,0.009622242187458996,-0.09394521771683587,0.059082476618477146,0.00881620827685814,-0.10141496288631228,0.05701790539770687,23970,5413
Q1maj_c3_vs_c1,SQI_ssqi_bad,0.9864568940981726,0.8399147014553785,0.9977802397847052,0.9519878103793034,0.9660077590984667,-0.008216166045826201,-0.11567426681924327,0.030143265131875978,-0.009022199956427057,-0.12380316929560153,0.028479703042141823,23970,5413
Q1maj_c3_vs_c1,SQI_psqi_bad,0.9843579989977207,0.7733565695900977,0.9997479113332706,0.9789826784600186,0.9724736744873452,-0.006117270945374287,-0.03757097847202082,0.08357775526387211,-0.006923304855975143,-0.044813969849219565,0.08158141945161837,23970,5413
Q1maj_c3_vs_c1,SQI_bassqi_bad,0.08329615610765263,0.007547584611978254,0.7601318653080038,0.13326427221358905,0.049879918714206536,0.8949445719446938,0.014021653479614713,0.992414167940826,0.8941385380340929,0.006119954860196161,0.9923884945021345,23970,5413
Q1maj_c3_vs_c1,SQI_flat_bad,0.10415446375441255,0.0028839989618758923,0.24271962190179763,0.13557971237450778,0.0022168852761869575,0.8740862642979339,0.5428759803559903,0.9783026599416135,0.873280230387333,0.5353693097569155,0.9751240777773651,23970,5413
Q1maj_c3_vs_c1,SQI_tsqi_bad,0.9978533095203965,0.9576832082604787,0.9999962867326779,0.9961766741550202,0.9951967485682616,-0.019612581468050116,-0.20023662288810157,-6.328616480353603e-05,-0.020418615378650973,-0.20885886401302345,-8.447100383355836e-05,23970,5413
Q1maj_c3_vs_c1,SUP_gbm_ptbxl,0.8504626838597693,0.8156004273370977,0.98226334996616,0.6393129026533877,0.43709588028819507,0.1277780441925771,-0.05400344412027455,0.16296592254146872,0.12697201028197624,-0.06155766211848742,0.16291237750611096,23970,5413
Q1maj_c3_vs_c1,SUP_logreg_ptbxl,0.9816712934073706,0.8222026923545518,0.9995543879024872,0.9724270571270273,0.9641603547016442,-0.0034305653550241733,-0.05163150079320206,0.004696127748619235,-0.0042365992656250295,-0.06020507586195872,0.003983097948916311,23970,5413
Q1maj_c3_vs_c1,sqa_sup_ens,0.928866294502503,0.7297022391711473,0.9638792269087432,0.6599498124806024,0.9493811195270645,0.04937443354984339,0.022561639036530707,0.10023253025962547,0.04856839963924253,0.016908042717178832,0.09811218530842279,23970,5413
Q1maj_c3_vs_c1,sqa_lp_ens,0.9377926714103721,0.928128701388995,0.993965789434218,0.6804292399767,0.9733973766857565,0.04044805664197426,-0.19427313557062345,0.0713822917676879,0.039642022731373405,-0.2032021047846885,0.07133541355679968,23970,5413
Q1maj_c3_vs_c1,sqa_lpx_ens,0.9812526283849738,0.7765137357165388,0.9988894658795663,0.9631460643126674,0.9545538518381673,-0.0030119003326274374,-0.032178535294941725,0.09473521314847001,-0.0038179342432282937,-0.04080264826220226,0.09305930768211843,23970,5413
Q1maj_c3_vs_c1,sqa_ae_ens,0.1507918129352773,0.016541604420409257,0.9579771345115005,0.19532578369182862,0.08904489192684278,0.8274489151170691,-0.1718697813703303,0.9832153007569914,0.8266428812064682,-0.180825943135548,0.9831661129373128,23970,5413
Q1maj_c3_vs_c1,CEIL_gbm_loso_butqdb,0.9921762916581752,0.9385694637166625,0.9999978756126171,0.9830967354262543,0.9931646037317569,-0.013935563605828816,-0.16648655413938288,3.176430470329384e-05,-0.014741597516429672,-0.1752848309481167,7.867890557425207e-06,23970,5413
