task,record,n,n_pos,detector,best_index,logreg_ptbxl,ceiling_loso
Q1_c3_vs_c1,100001,5679,20,0.9755698886729104,0.9998851387170878,0.9915002650644991,0.9999204806502916
Q1_c3_vs_c1,105001,9976,4733,0.9999990328476764,0.9999994358278113,0.99961394503085,0.9999998388079461
Q1_c3_vs_c1,111001,3351,244,0.8375548074944467,0.9158312535944747,0.8397708505912086,0.93678341344505
Q1_c3_vs_c1,114001,307,82,1.0,0.9998373983739838,0.9970189701897019,1.0
Q1_c3_vs_c1,122001,195,120,1.0,1.0,1.0,1.0
Q1_c3_vs_c1,124001,75,23,1.0,1.0,1.0,1.0
Q3_c23_vs_c1,100001,8150,2491,0.8936451132186847,0.6875054135513401,0.8178182932314948,0.8651129221585763
Q3_c23_vs_c1,100002,133,40,0.9870967741935484,0.7790322580645161,0.9365591397849462,0.9456989247311828
Q3_c23_vs_c1,103001,155,26,1.0,0.569469290399523,0.9979129397734049,0.9931425163983304
Q3_c23_vs_c1,103003,169,6,0.9846625766871165,0.6053169734151329,0.885480572597137,0.9959100204498977
Q3_c23_vs_c1,104001,195,62,0.9991511035653651,0.8106960950764007,0.9952704341498908,0.8907349017705555
Q3_c23_vs_c1,105001,12853,7610,0.9913829790700222,0.9491395072035225,0.9764083166517249,0.9850698121241939
Q3_c23_vs_c1,111001,7541,4434,0.8561305179176214,0.7546926135768912,0.8989604569773406,0.9697097319350618
Q3_c23_vs_c1,113001,248,62,0.9942767950052029,0.7472251127297953,0.9206555671175859,0.9857787027402012
Q3_c23_vs_c1,114001,356,131,0.9999660729431722,0.9833078880407125,0.7985072094995759,0.9941306191687871
Q3_c23_vs_c1,115001,162,33,0.9985905567300916,0.9553676297862345,0.9873150105708245,0.976979093258163
Q3_c23_vs_c1,118001,175,50,0.99904,0.88944,0.98976,0.99632
Q3_c23_vs_c1,121001,155,6,0.9686800894854586,0.9798657718120806,0.8993288590604027,0.9876957494407159
Q3_c23_vs_c1,122001,227,152,1.0,0.8949122807017544,1.0,1.0
Q3_c23_vs_c1,123001,189,5,1.0,0.5293478260869565,0.9695652173913043,0.9858695652173913
Q3_c23_vs_c1,124001,217,165,0.9926573426573426,0.6489510489510489,0.9467365967365967,0.9354312354312354
