level,frac,scorer,recall,lo,hi,n,n_pos
lead,0.01,detector_ens,0.05952952472395583,0.04655526682050831,0.07378818753030757,25896,2083
lead,0.01,SQI_tsqi,0.024963994239078253,0.01820422460898528,0.03242812614366038,25896,2083
lead,0.01,SQI_ksqi,0.017762842054728757,0.010622048271624369,0.025795940207361007,25896,2083
lead,0.01,SUP_gbm,0.041766682669227076,0.03249357238184958,0.054224404668886506,25896,2083
lead,0.01,detector_seedmean,0.05920947351576252,0.047071796165290745,0.07132357132985523,25896,2083
lead,0.02,detector_ens,0.1099375900144023,0.08690704215155168,0.13291707945314046,25896,2083
lead,0.02,SQI_tsqi,0.04320691310609698,0.03265406482544088,0.0552449181132043,25896,2083
lead,0.02,SQI_ksqi,0.03696591454632741,0.026406770463714188,0.04991232014388489,25896,2083
lead,0.02,SUP_gbm,0.08065290446471435,0.06655714066966108,0.09738453935848504,25896,2083
lead,0.02,detector_seedmean,0.10177628420547287,0.08356805794625904,0.12096221572118411,25896,2083
lead,0.05,detector_ens,0.2155544887181949,0.18341453715007403,0.2487021344987245,25896,2083
lead,0.05,SQI_tsqi,0.10129620739318292,0.08454202370969657,0.12002510830844251,25896,2083
lead,0.05,SQI_ksqi,0.09265482477196352,0.07466708595127074,0.11137935712223339,25896,2083
lead,0.05,SUP_gbm,0.18963034085453673,0.16779697557966472,0.21473557413212588,25896,2083
lead,0.05,detector_seedmean,0.2097935669707153,0.18208553739057373,0.23895199668066652,25896,2083
lead,0.1,detector_ens,0.371579452712434,0.3305790748256609,0.4099434391123213,25896,2083
lead,0.1,SQI_tsqi,0.17090734517522804,0.1447670656137416,0.19784360011990407,25896,2083
lead,0.1,SQI_ksqi,0.15794527124339894,0.1321277262230301,0.18359936203662983,25896,2083
lead,0.1,SUP_gbm,0.3475756120979357,0.3178756219965476,0.3794983729698659,25896,2083
lead,0.1,detector_seedmean,0.3459753560569691,0.3104346254158795,0.3817118376119937,25896,2083
record,0.01,detector_ens,0.041935483870967745,0.02856916817359855,0.05802544532236196,2158,310
record,0.01,SQI_tsqi,0.01935483870967742,0.003471921856978085,0.02888231743415325,2158,310
record,0.01,SQI_ksqi,0.0032258064516129032,0.0,0.011044374145006827,2158,310
record,0.01,SUP_gbm,0.035483870967741936,0.01586804000597104,0.050505050505050504,2158,310
record,0.01,detector_seedmean,0.04946236559139785,0.034614820309924174,0.059760093325218096,2158,310
record,0.02,detector_ens,0.06451612903225806,0.046437578168248825,0.09003215434083602,2158,310
record,0.02,SQI_tsqi,0.025806451612903226,0.016996915045087806,0.05128205128205128,2158,310
record,0.02,SQI_ksqi,0.012903225806451613,0.003030074155451799,0.026406538503312687,2158,310
record,0.02,SUP_gbm,0.06451612903225806,0.039145452778857365,0.0843795955882353,2158,310
record,0.02,detector_seedmean,0.07204301075268817,0.05466237942122187,0.09131179840392065,2158,310
record,0.05,detector_ens,0.15806451612903225,0.12764727585782806,0.1928133472038333,2158,310
record,0.05,SQI_tsqi,0.08709677419354839,0.06270577804049061,0.11706739753332503,2158,310
record,0.05,SQI_ksqi,0.02903225806451613,0.012984918307498953,0.05520382395382394,2158,310
record,0.05,SUP_gbm,0.13548387096774195,0.10560583919837767,0.16820957568807338,2158,310
record,0.05,detector_seedmean,0.15913978494623657,0.13194337934560327,0.1883622188569185,2158,310
record,0.1,detector_ens,0.29354838709677417,0.24911959214594295,0.33647586898198645,2158,310
record,0.1,SQI_tsqi,0.16129032258064516,0.12110726643598616,0.2007129341802946,2158,310
record,0.1,SQI_ksqi,0.1064516129032258,0.0790355398806294,0.14157496321921348,2158,310
record,0.1,SUP_gbm,0.24193548387096775,0.2033153594771242,0.2862190812720848,2158,310
record,0.1,detector_seedmean,0.26666666666666666,0.22942187075850443,0.30663029100529104,2158,310
record_noalles,0.01,detector_ens,0.008658008658008658,0.0,0.025434687317358262,2079,231
record_noalles,0.01,SQI_tsqi,0.021645021645021644,0.0,0.03077433628318584,2079,231
record_noalles,0.01,SQI_ksqi,0.0,0.0,0.004255773777050373,2079,231
record_noalles,0.01,SUP_gbm,0.04329004329004329,0.013211549511587818,0.05714600377595972,2079,231
record_noalles,0.01,detector_seedmean,0.018759018759018756,0.007506665858683796,0.031746031746031744,2079,231
record_noalles,0.02,detector_ens,0.03896103896103896,0.013937984496124031,0.07111904761904761,2079,231
record_noalles,0.02,SQI_tsqi,0.030303030303030304,0.009385344324008569,0.04938688688688688,2079,231
record_noalles,0.02,SQI_ksqi,0.012987012987012988,0.0,0.027916849495392707,2079,231
record_noalles,0.02,SUP_gbm,0.06060606060606061,0.03278688524590164,0.08824180114523686,2079,231
record_noalles,0.02,detector_seedmean,0.044733044733044736,0.023467034088589505,0.06389136904761905,2079,231
record_noalles,0.05,detector_ens,0.11688311688311688,0.08084400524352123,0.15486881465785865,2079,231
record_noalles,0.05,SQI_tsqi,0.07792207792207792,0.049321848975016014,0.110143831584076,2079,231
record_noalles,0.05,SQI_ksqi,0.025974025974025976,0.00960974178403756,0.055102476904051775,2079,231
record_noalles,0.05,SUP_gbm,0.12121212121212122,0.08472795898020224,0.1643835616438356,2079,231
record_noalles,0.05,detector_seedmean,0.11111111111111112,0.08126634951501262,0.14803134328358206,2079,231
record_noalles,0.1,detector_ens,0.22943722943722944,0.18971957364704117,0.2921878639645935,2079,231
record_noalles,0.1,SQI_tsqi,0.13852813852813853,0.09331660231660233,0.1839738632848747,2079,231
record_noalles,0.1,SQI_ksqi,0.09956709956709957,0.06409817351598172,0.13983474576271185,2079,231
record_noalles,0.1,SUP_gbm,0.22077922077922077,0.17622377049180327,0.27232166145018255,2079,231
record_noalles,0.1,detector_seedmean,0.22366522366522368,0.17647058823529413,0.26811846983485005,2079,231
