scorer,auroc,det_minus_this,ci_lo,ci_hi,n_pos,n
DET_cnn_full_leadwise,0.8091339648568774,-0.013150542334789295,-0.017629264413348156,-0.009189510775017246,2083,25896
sup_gbm,0.8035385187099218,-0.007555096187833676,-0.020768336805131217,0.005084644701083362,2083,25896
sup_logreg,0.7966439540249591,-0.0006605315028710423,-0.013639947842966868,0.01190771328334423,2083,25896
DET_cnn_full_leadwise_cleanfrac20,0.7959834225220881,0.0,,,2083,25896
ksqi_bad,0.5865258065025338,0.20945761601955426,0.18013062940499608,0.23998772202951635,2083,25896
tsqi_bad,0.5767873315363936,0.21919609098569448,0.18644703146348482,0.2522537368446804,2083,25896
DET_tx_full,0.5694532021272566,0.2265302203948315,0.19212185852949817,0.2621483234698444,2083,25896
ssqi_bad,0.5665907645462639,0.2293926579758242,0.20030336011696628,0.2582183844803179,2083,25896
bsqi_bad,0.539123095037246,0.2568603274848421,0.22213417763684665,0.2911258568457889,2083,25896
bassqi_bad,0.5315624648518071,0.26442095767028095,0.22565749298311305,0.3040475492587806,2083,25896
psqi_bad,0.5085575360054081,0.28742588651668,0.2555968363682616,0.31839381150341534,2083,25896
flat_bad,0.2021204726481513,0.5938629498739367,0.5539459682725411,0.6340217883269642,2083,25896
