scorer,perlead_auroc_noise,record_auroc_max,perlead_auroc_static,perlead_auroc_burst,perlead_auroc_drift
rule_variance,0.4779387437470615,0.5041404831727412,0.47593716053324686,0.5244909137557939,0.19633204619589625
rule_hf,0.46789578803107806,0.48811618489037845,0.4686901208100405,0.46881846754237605,0.15917360634572628
rule_combined,0.4560565813656209,0.489247311827957,0.45406435149285124,0.49507596345471955,0.14624389864220647
rule_hf_inverted,0.532104211968922,0.4501763021924312,0.5313098791899594,0.531181532457624,0.8408263936542737
cnn_full_leadwise_cleanfrac20,0.7959834225220881,0.7749965088674766,0.8050794362761247,0.6535538135893618,0.5867362054704506
cnn_full_leadwise,0.8091339648568774,0.7830016757436112,0.8178571126890244,0.6726894191307948,0.579781662577563
tx_full,0.5694532021272566,0.5509513336126239,0.5683545713870601,0.5410982489188669,0.7159506391651342
cnn_full,0.6177556770902519,0.6053414327607876,0.622893521686171,0.5165080273358158,0.7304773060040547
cnn_fused_gated,0.779943508468599,0.7664938556067589,0.7894763300339066,0.6320017644722169,0.6029759745102036
