B,A,metric,delta_B_minus_A,ci_lo,ci_hi,seeds
cnn_full,cnn_diagonly_aug,auroc,-0.002693144402758992,-0.00505851886294247,-0.00036356297603026534,3
cnn_full,cnn_diagonly_aug,auprc,-0.003488275392309522,-0.008892893636862208,0.001980553777744896,3
cnn_full,cnn_diagonly_aug,f1,0.00791003993665477,8.22472305052383e-05,0.01586352167525692,3
cnn_full,cnn_diagonly_aug,ece,0.005551829986626934,0.00295392139479162,0.008524161668630164,3
cnn_full,cnn_diagonly_aug,brier,0.0014598270257314046,-8.495555569728214e-05,0.0029676608741283413,3
cnn_full,resnet_aug,auroc,-0.003201918882880276,-0.006498306217000745,-5.855325283536256e-06,3
cnn_full,resnet_aug,auprc,-0.008328691137249619,-0.015081874873365477,-0.001622242744375115,3
cnn_full,resnet_aug,f1,-0.005221319979048363,-0.014114016401149662,0.0035609753660241356,3
cnn_full,resnet_aug,ece,0.018270615460121892,0.01391514807311442,0.02087664008805812,3
cnn_full,resnet_aug,brier,0.004470730821291606,0.0025457780808210376,0.0064151583860317845,3
cnn_diagonly_aug,cnn_diagonly_clean,auroc,0.00270488482094966,0.0006606976278791754,0.004749944412553387,3
cnn_diagonly_aug,cnn_diagonly_clean,auprc,0.005401006379655349,0.00025906560213033734,0.010477262631981142,3
cnn_diagonly_aug,cnn_diagonly_clean,f1,-0.0015057295690978172,-0.009131389202721718,0.005944091813349461,3
cnn_diagonly_aug,cnn_diagonly_clean,ece,0.004502599835223084,0.0007641452577585443,0.0072375741602281884,3
cnn_diagonly_aug,cnn_diagonly_clean,brier,-0.001705336074034373,-0.0032203887899716695,-0.00019393389423688295,3
resnet_aug,resnet_clean,auroc,0.0019253452553190664,-0.00040546312119875405,0.00428230949178039,3
resnet_aug,resnet_clean,auprc,0.004850852079401095,-0.00019888533808095631,0.01004945667659503,3
resnet_aug,resnet_clean,f1,0.0070949187961368105,-0.0003239976940919005,0.014620529976528579,3
resnet_aug,resnet_clean,ece,-0.00469055699256022,-0.007375313176456964,-0.0014150540006488395,3
resnet_aug,resnet_clean,brier,-0.0021114672223726907,-0.003541660246749719,-0.0007243299235900249,3
cnn_full_leadwise,cnn_full,auroc,-0.00030729332329400744,-0.001542064649820172,0.0009670917738586731,3
cnn_full_leadwise,cnn_full,auprc,-0.0006674609042863026,-0.003770142302143027,0.0023509961594487994,3
cnn_full_leadwise,cnn_full,f1,-0.006613789892235045,-0.01251519306137099,-0.0007989480018058157,3
cnn_full_leadwise,cnn_full,ece,-0.0058454654863719846,-0.007755580322975618,-0.0026821838654326664,3
cnn_full_leadwise,cnn_full,brier,0.00014019260803858438,-0.0010560217003027597,0.0012961632882555322,3
cnn_full_cleanfrac20,cnn_full,auroc,0.0008952790539661729,-0.0004090372132586395,0.00222889518789749,3
cnn_full_cleanfrac20,cnn_full,auprc,0.00018379514270712902,-0.0027393747485871664,0.0030378140803325685,3
cnn_full_cleanfrac20,cnn_full,f1,0.0019995188628202745,-0.00348739950990596,0.007483799388739714,3
cnn_full_cleanfrac20,cnn_full,ece,-0.006886791684741585,-0.008778941581892895,-0.0038132855021027713,3
cnn_full_cleanfrac20,cnn_full,brier,-0.0009096662203470866,-0.0018746364240845045,9.03942932685212e-05,3
cnn_full_leadwise_cleanfrac20,cnn_full,auroc,0.00020092001891647282,-0.0010809646284976205,0.001461258392628369,3
cnn_full_leadwise_cleanfrac20,cnn_full,auprc,-0.000364024514238485,-0.003322650926717855,0.002520874854998429,3
cnn_full_leadwise_cleanfrac20,cnn_full,f1,-0.003593185180223002,-0.008882549539355099,0.0015972542433221634,3
cnn_full_leadwise_cleanfrac20,cnn_full,ece,-0.0065994479969112224,-0.008291722317022973,-0.003806799622197922,3
cnn_full_leadwise_cleanfrac20,cnn_full,brier,-0.00013384222984313965,-0.0010204364235202473,0.000779310489694277,3
tx_full,cnn_full,auroc,-0.005793893888471661,-0.008494896130674941,-0.0030759670416773068,3
tx_full,cnn_full,auprc,-0.013636983596367336,-0.019431971944637975,-0.0077288535002223826,3
tx_full,cnn_full,f1,-0.02001934033945696,-0.027917515030348634,-0.012210401510289076,3
tx_full,cnn_full,ece,0.005011886234805599,0.0019909242229925127,0.007914991879547953,3
tx_full,cnn_full,brier,0.004894621670246124,0.0032435204833745957,0.006575608315567175,3
