config,condition,mean,std,count
cnn_diag_lead,bw|k=0|s=0.0|bw=0.25,0.928622487093769,0.0037453213414112073,3
cnn_diag_lead,bw|k=0|s=0.0|bw=0.5,0.9283320401276894,0.0036184036411094442,3
cnn_diag_lead,bw|k=0|s=0.0|bw=1.0,0.9236866994491958,0.0020509452503764333,3
cnn_diag_lead,joint|k=0|s=0.0|bw=0.0,0.9286864413901661,0.0038099570636785027,3
cnn_diag_lead,joint|k=0|s=0.1|bw=0.0,0.928262134863112,0.0036995261684358957,3
cnn_diag_lead,joint|k=0|s=0.25|bw=0.0,0.9252887963512144,0.0028095032190767542,3
cnn_diag_lead,joint|k=2|s=0.0|bw=0.0,0.9227236576918663,0.00396059655891278,3
cnn_diag_lead,joint|k=2|s=0.1|bw=0.0,0.9224464527735665,0.004509968306782521,3
cnn_diag_lead,joint|k=2|s=0.25|bw=0.0,0.9192716307966741,0.002729164167952271,3
cnn_diag_lead,joint|k=4|s=0.0|bw=0.0,0.9136662135953856,0.005352287344425674,3
cnn_diag_lead,joint|k=4|s=0.1|bw=0.0,0.9138590899024063,0.004231236302587288,3
cnn_diag_lead,joint|k=4|s=0.25|bw=0.0,0.9116746969776282,0.0041558114957021865,3
cnn_diag_lead,joint|k=6|s=0.0|bw=0.0,0.8985673207532839,0.0055043770613938114,3
cnn_diag_lead,joint|k=6|s=0.1|bw=0.0,0.8985186773000775,0.005862180885857712,3
cnn_diag_lead,joint|k=6|s=0.25|bw=0.0,0.8958884289539752,0.005239477203752227,3
cnn_diag_lead,joint|k=8|s=0.0|bw=0.0,0.8683865670651986,0.008517163215421472,3
cnn_diag_lead,joint|k=8|s=0.1|bw=0.0,0.8678910996690513,0.008860675130258705,3
cnn_diag_lead,joint|k=8|s=0.25|bw=0.0,0.8636181332813541,0.0076703637275098175,3
cnn_diag_lead,missing|k=0|s=0.0|bw=0.0,0.9286864413901661,0.0038099570636785027,3
cnn_diag_lead,missing|k=10|s=0.0|bw=0.0,0.7793534721631731,0.007556608264244554,3
cnn_diag_lead,missing|k=12|s=0.0|bw=0.0,0.49914855780960804,0.0015278899678511917,3
cnn_diag_lead,missing|k=1|s=0.0|bw=0.0,0.9261591636761691,0.0040447530696101795,3
cnn_diag_lead,missing|k=2|s=0.0|bw=0.0,0.9214280793299953,0.003967954095675826,3
cnn_diag_lead,missing|k=3|s=0.0|bw=0.0,0.9194648385206597,0.004598786941187148,3
cnn_diag_lead,missing|k=4|s=0.0|bw=0.0,0.9128373144410054,0.004491694745290317,3
cnn_diag_lead,missing|k=6|s=0.0|bw=0.0,0.9002886854887532,0.006245984335744775,3
cnn_diag_lead,missing|k=8|s=0.0|bw=0.0,0.8680285019358408,0.008944820567305207,3
cnn_diag_lead,noise|k=0|s=0.05|bw=0.0,0.928594027303881,0.003775389484353664,3
cnn_diag_lead,noise|k=0|s=0.15|bw=0.0,0.9276054481696262,0.00349198513526636,3
cnn_diag_lead,noise|k=0|s=0.1|bw=0.0,0.9282874638706075,0.0036822111973199606,3
cnn_diag_lead,noise|k=0|s=0.25|bw=0.0,0.925055711815415,0.002800705176112765,3
cnn_diag_lead,noise|k=0|s=0.2|bw=0.0,0.9270231969565802,0.0032402203222867848,3
cnn_diag_lead,noise|k=0|s=0.5|bw=0.0,0.9098216974293246,0.002131104261821863,3
cnn_diag_rec,bw|k=0|s=0.0|bw=0.25,0.9253866162230922,0.0016359262094458474,3
cnn_diag_rec,bw|k=0|s=0.0|bw=0.5,0.9246987352968503,0.0016904216881468684,3
cnn_diag_rec,bw|k=0|s=0.0|bw=1.0,0.919392172703009,0.0014139465942302535,3
cnn_diag_rec,joint|k=0|s=0.0|bw=0.0,0.9254482190438639,0.001583296012386621,3
cnn_diag_rec,joint|k=0|s=0.1|bw=0.0,0.9252979474419306,0.0015187514444979814,3
cnn_diag_rec,joint|k=0|s=0.25|bw=0.0,0.9246450789827431,0.0013884835758832441,3
cnn_diag_rec,joint|k=2|s=0.0|bw=0.0,0.920891536894945,0.0011552102110251718,3
cnn_diag_rec,joint|k=2|s=0.1|bw=0.0,0.9210058994055231,0.001026539192363202,3
cnn_diag_rec,joint|k=2|s=0.25|bw=0.0,0.9191040536236622,0.0014546648659088117,3
cnn_diag_rec,joint|k=4|s=0.0|bw=0.0,0.9134799277429358,0.0016391965670420694,3
cnn_diag_rec,joint|k=4|s=0.1|bw=0.0,0.9134715533266223,0.0016989807772540202,3
cnn_diag_rec,joint|k=4|s=0.25|bw=0.0,0.9133208381104985,0.0016030402729854797,3
cnn_diag_rec,joint|k=6|s=0.0|bw=0.0,0.89886071104881,0.0021727703173120495,3
cnn_diag_rec,joint|k=6|s=0.1|bw=0.0,0.8998437159420162,0.0013021061220726657,3
cnn_diag_rec,joint|k=6|s=0.25|bw=0.0,0.8979113250989118,0.0011549619632450587,3
cnn_diag_rec,joint|k=8|s=0.0|bw=0.0,0.866567530050529,0.002780083253903211,3
cnn_diag_rec,joint|k=8|s=0.1|bw=0.0,0.8661930891979436,0.002554876815526046,3
cnn_diag_rec,joint|k=8|s=0.25|bw=0.0,0.8626425226758233,0.00299581794984738,3
cnn_diag_rec,missing|k=0|s=0.0|bw=0.0,0.9254482190438639,0.001583296012386621,3
cnn_diag_rec,missing|k=10|s=0.0|bw=0.0,0.7557169260029609,0.0050794054208887105,3
cnn_diag_rec,missing|k=12|s=0.0|bw=0.0,0.49985755520869923,0.0030376756210806844,3
cnn_diag_rec,missing|k=1|s=0.0|bw=0.0,0.923744722266789,0.0016756693690604255,3
cnn_diag_rec,missing|k=2|s=0.0|bw=0.0,0.920055600572483,0.001379411517799245,3
cnn_diag_rec,missing|k=3|s=0.0|bw=0.0,0.918115232013451,0.001511438233245859,3
cnn_diag_rec,missing|k=4|s=0.0|bw=0.0,0.9128716324739138,0.0014106116306301158,3
cnn_diag_rec,missing|k=6|s=0.0|bw=0.0,0.9012227317847253,0.0015652427612156542,3
cnn_diag_rec,missing|k=8|s=0.0|bw=0.0,0.8659007992028407,0.0018466510477381873,3
cnn_diag_rec,noise|k=0|s=0.05|bw=0.0,0.9254483247859925,0.0015673568203819295,3
cnn_diag_rec,noise|k=0|s=0.15|bw=0.0,0.9251915747700029,0.001505745945510824,3
cnn_diag_rec,noise|k=0|s=0.1|bw=0.0,0.9253603978722827,0.0015524623738182048,3
cnn_diag_rec,noise|k=0|s=0.25|bw=0.0,0.9243419486855434,0.0014217507617180956,3
cnn_diag_rec,noise|k=0|s=0.2|bw=0.0,0.9250782587692848,0.0014326292437981138,3
cnn_diag_rec,noise|k=0|s=0.5|bw=0.0,0.9194349376707264,0.001731127507420431,3
cnn_diagonly_aug,bw|k=0|s=0.0|bw=0.25,0.9288471370407775,0.0002445409628742842,3
cnn_diagonly_aug,bw|k=0|s=0.0|bw=0.5,0.9283224217678558,0.00019547066286250016,3
cnn_diagonly_aug,bw|k=0|s=0.0|bw=1.0,0.9226226809710937,0.0007267761069099225,3
cnn_diagonly_aug,joint|k=0|s=0.0|bw=0.0,0.9288586086261338,0.00035741346038450515,3
cnn_diagonly_aug,joint|k=0|s=0.1|bw=0.0,0.9286020674425024,0.0003755697365661043,3
cnn_diagonly_aug,joint|k=0|s=0.25|bw=0.0,0.9271990534393147,0.0005568099340091811,3
cnn_diagonly_aug,joint|k=2|s=0.0|bw=0.0,0.9242013991843318,0.00013844011491628128,3
cnn_diagonly_aug,joint|k=2|s=0.1|bw=0.0,0.9236988893704945,0.00015686449766796735,3
cnn_diagonly_aug,joint|k=2|s=0.25|bw=0.0,0.9219549836959309,0.00016430827042813887,3
cnn_diagonly_aug,joint|k=4|s=0.0|bw=0.0,0.9154173679457474,0.0005017991203798756,3
cnn_diagonly_aug,joint|k=4|s=0.1|bw=0.0,0.9160843038989391,0.0005198314720153713,3
cnn_diagonly_aug,joint|k=4|s=0.25|bw=0.0,0.9143722318830952,0.00027364710584580393,3
cnn_diagonly_aug,joint|k=6|s=0.0|bw=0.0,0.9019346780354192,0.0020701458992037525,3
cnn_diagonly_aug,joint|k=6|s=0.1|bw=0.0,0.9013375003749887,0.0016069624058676426,3
cnn_diagonly_aug,joint|k=6|s=0.25|bw=0.0,0.8991314722620216,0.0008835097000879367,3
cnn_diagonly_aug,joint|k=8|s=0.0|bw=0.0,0.8707897734560605,0.004275886663976753,3
cnn_diagonly_aug,joint|k=8|s=0.1|bw=0.0,0.8706374040996433,0.004107658680132113,3
cnn_diagonly_aug,joint|k=8|s=0.25|bw=0.0,0.8674408663563143,0.003467392696634068,3
cnn_diagonly_aug,missing|k=0|s=0.0|bw=0.0,0.9288586086261338,0.00035741346038450515,3
cnn_diagonly_aug,missing|k=10|s=0.0|bw=0.0,0.777600905543477,0.01177602653379098,3
cnn_diagonly_aug,missing|k=12|s=0.0|bw=0.0,0.49855213422098443,0.0013011518870148279,3
cnn_diagonly_aug,missing|k=1|s=0.0|bw=0.0,0.9268434240592613,0.0004864825950511453,3
cnn_diagonly_aug,missing|k=2|s=0.0|bw=0.0,0.9226742014896994,0.0005299051980113504,3
cnn_diagonly_aug,missing|k=3|s=0.0|bw=0.0,0.9210008090576954,0.00033083011398084316,3
cnn_diagonly_aug,missing|k=4|s=0.0|bw=0.0,0.9143773490928783,0.0008805152611730201,3
cnn_diagonly_aug,missing|k=6|s=0.0|bw=0.0,0.9022828631683124,0.002370701142316658,3
cnn_diagonly_aug,missing|k=8|s=0.0|bw=0.0,0.8703076221298282,0.003948388471067049,3
cnn_diagonly_aug,noise|k=0|s=0.05|bw=0.0,0.9287970412643549,0.0003239130145078524,3
cnn_diagonly_aug,noise|k=0|s=0.15|bw=0.0,0.9283488110158234,0.0003781026350512858,3
cnn_diagonly_aug,noise|k=0|s=0.1|bw=0.0,0.9285860388413293,0.0004049003832675646,3
cnn_diagonly_aug,noise|k=0|s=0.25|bw=0.0,0.9269375865574062,0.0005168841912805835,3
cnn_diagonly_aug,noise|k=0|s=0.2|bw=0.0,0.9281253491951428,0.0005110321789640887,3
cnn_diagonly_aug,noise|k=0|s=0.5|bw=0.0,0.9178582795823025,0.003223692899752858,3
cnn_diagonly_aug_gss,bw|k=0|s=0.0|bw=0.25,0.9417923681118653,0.0004627012816031851,3
cnn_diagonly_aug_gss,bw|k=0|s=0.0|bw=0.5,0.941394302220191,0.00035918501356588614,3
cnn_diagonly_aug_gss,bw|k=0|s=0.0|bw=1.0,0.9362458340503945,0.00045000211995162824,3
cnn_diagonly_aug_gss,joint|k=0|s=0.0|bw=0.0,0.9418361696752927,0.0005328844767015522,3
cnn_diagonly_aug_gss,joint|k=0|s=0.1|bw=0.0,0.941767952780082,0.0005875448259270536,3
cnn_diagonly_aug_gss,joint|k=0|s=0.25|bw=0.0,0.9407199276066812,0.000977932292112912,3
cnn_diagonly_aug_gss,joint|k=2|s=0.0|bw=0.0,0.9376334637008626,0.00043408271032243067,3
cnn_diagonly_aug_gss,joint|k=2|s=0.1|bw=0.0,0.9368204864464583,0.00035512534100004924,3
cnn_diagonly_aug_gss,joint|k=2|s=0.25|bw=0.0,0.9358290978026685,6.563861632286e-05,3
cnn_diagonly_aug_gss,joint|k=4|s=0.0|bw=0.0,0.9288756440580214,0.0006368496923473267,3
cnn_diagonly_aug_gss,joint|k=4|s=0.1|bw=0.0,0.9303288589234412,0.0006627511044133366,3
cnn_diagonly_aug_gss,joint|k=4|s=0.25|bw=0.0,0.928513030057072,0.00018115352025664173,3
cnn_diagonly_aug_gss,joint|k=6|s=0.0|bw=0.0,0.9187590378895747,0.0011948435273811532,3
cnn_diagonly_aug_gss,joint|k=6|s=0.1|bw=0.0,0.9176155376421681,0.0017139397954779893,3
cnn_diagonly_aug_gss,joint|k=6|s=0.25|bw=0.0,0.9177158784340483,0.00077531052552544,3
cnn_diagonly_aug_gss,joint|k=8|s=0.0|bw=0.0,0.8920792860569087,0.0011327137500803486,3
cnn_diagonly_aug_gss,joint|k=8|s=0.1|bw=0.0,0.8912689345712576,0.0013144356338428737,3
cnn_diagonly_aug_gss,joint|k=8|s=0.25|bw=0.0,0.88980372178988,0.0014067831624170596,3
cnn_diagonly_aug_gss,missing|k=0|s=0.0|bw=0.0,0.9418361696752927,0.0005328844767015522,3
cnn_diagonly_aug_gss,missing|k=10|s=0.0|bw=0.0,0.7928573800458127,0.005494353190324626,3
cnn_diagonly_aug_gss,missing|k=12|s=0.0|bw=0.0,0.49777009226511953,0.004663658263923408,3
cnn_diagonly_aug_gss,missing|k=1|s=0.0|bw=0.0,0.9395612979158859,0.0003183189480523479,3
cnn_diagonly_aug_gss,missing|k=2|s=0.0|bw=0.0,0.9372396394505312,0.0003242922694967207,3
cnn_diagonly_aug_gss,missing|k=3|s=0.0|bw=0.0,0.9345437787795067,0.00032038055879697624,3
cnn_diagonly_aug_gss,missing|k=4|s=0.0|bw=0.0,0.9305108092859138,0.0005119452359832733,3
cnn_diagonly_aug_gss,missing|k=6|s=0.0|bw=0.0,0.9188029784638235,0.0012208036531383291,3
cnn_diagonly_aug_gss,missing|k=8|s=0.0|bw=0.0,0.8928355195988044,8.084903868143579e-05,3
cnn_diagonly_aug_gss,noise|k=0|s=0.05|bw=0.0,0.9418395594713088,0.0005317699647219893,3
cnn_diagonly_aug_gss,noise|k=0|s=0.15|bw=0.0,0.941647475394015,0.0006786478917299947,3
cnn_diagonly_aug_gss,noise|k=0|s=0.1|bw=0.0,0.9417846654131109,0.0005395316919479353,3
cnn_diagonly_aug_gss,noise|k=0|s=0.25|bw=0.0,0.9406559658613726,0.000911193640212653,3
cnn_diagonly_aug_gss,noise|k=0|s=0.2|bw=0.0,0.9411867659767451,0.0007362555371450562,3
cnn_diagonly_aug_gss,noise|k=0|s=0.5|bw=0.0,0.932648331780826,0.0033311539752112294,3
cnn_diagonly_clean,bw|k=0|s=0.0|bw=0.25,0.9259004431234917,0.0014825798178760554,3
cnn_diagonly_clean,bw|k=0|s=0.0|bw=0.5,0.9248161227817248,0.0014581409846876562,3
cnn_diagonly_clean,bw|k=0|s=0.0|bw=1.0,0.9147561324068493,0.0037757305351329537,3
cnn_diagonly_clean,joint|k=0|s=0.0|bw=0.0,0.926153723805184,0.0014067859975038656,3
cnn_diagonly_clean,joint|k=0|s=0.1|bw=0.0,0.9259490315427991,0.0014202312807472688,3
cnn_diagonly_clean,joint|k=0|s=0.25|bw=0.0,0.9244048801179515,0.0018275359406461204,3
cnn_diagonly_clean,joint|k=2|s=0.0|bw=0.0,0.9026183342271906,0.0022919581913891057,3
cnn_diagonly_clean,joint|k=2|s=0.1|bw=0.0,0.9019718114790886,0.0031130199376406937,3
cnn_diagonly_clean,joint|k=2|s=0.25|bw=0.0,0.89925945102733,0.0036444220416080174,3
cnn_diagonly_clean,joint|k=4|s=0.0|bw=0.0,0.8615075429157878,0.0042146144671200625,3
cnn_diagonly_clean,joint|k=4|s=0.1|bw=0.0,0.8630798673963825,0.0048800027177686115,3
cnn_diagonly_clean,joint|k=4|s=0.25|bw=0.0,0.8627766133518279,0.00566191944043004,3
cnn_diagonly_clean,joint|k=6|s=0.0|bw=0.0,0.8042021889968161,0.006459478851626918,3
cnn_diagonly_clean,joint|k=6|s=0.1|bw=0.0,0.8025145201922816,0.006853046752473873,3
cnn_diagonly_clean,joint|k=6|s=0.25|bw=0.0,0.7990965965008395,0.005424578292076806,3
cnn_diagonly_clean,joint|k=8|s=0.0|bw=0.0,0.7110422029033331,0.01058052369569284,3
cnn_diagonly_clean,joint|k=8|s=0.1|bw=0.0,0.7077491952528002,0.009126497095875664,3
cnn_diagonly_clean,joint|k=8|s=0.25|bw=0.0,0.7071852209982081,0.008621740376842171,3
cnn_diagonly_clean,missing|k=0|s=0.0|bw=0.0,0.926153723805184,0.0014067859975038656,3
cnn_diagonly_clean,missing|k=10|s=0.0|bw=0.0,0.5680416584084157,0.010834129800965446,3
cnn_diagonly_clean,missing|k=12|s=0.0|bw=0.0,0.5001345143195054,0.00025854736876589394,3
cnn_diagonly_clean,missing|k=1|s=0.0|bw=0.0,0.9163381272860148,0.0015513602348595189,3
cnn_diagonly_clean,missing|k=2|s=0.0|bw=0.0,0.9000468972309709,0.0028612009343080063,3
cnn_diagonly_clean,missing|k=3|s=0.0|bw=0.0,0.8870123166894267,0.0033949570373957255,3
cnn_diagonly_clean,missing|k=4|s=0.0|bw=0.0,0.8625658192403188,0.003550747350416029,3
cnn_diagonly_clean,missing|k=6|s=0.0|bw=0.0,0.8047847627918449,0.006118105973087288,3
cnn_diagonly_clean,missing|k=8|s=0.0|bw=0.0,0.7082481604128626,0.008759725994249828,3
cnn_diagonly_clean,noise|k=0|s=0.05|bw=0.0,0.9260729279886805,0.0014008580749344537,3
cnn_diagonly_clean,noise|k=0|s=0.15|bw=0.0,0.9256850117932759,0.0015115308239605776,3
cnn_diagonly_clean,noise|k=0|s=0.1|bw=0.0,0.925942401533922,0.0014618062048597118,3
cnn_diagonly_clean,noise|k=0|s=0.25|bw=0.0,0.9242116211222093,0.0018756909097039564,3
cnn_diagonly_clean,noise|k=0|s=0.2|bw=0.0,0.9254369720633844,0.0016001342103602284,3
cnn_diagonly_clean,noise|k=0|s=0.5|bw=0.0,0.913677830829335,0.006768440875645658,3
cnn_full,bw|k=0|s=0.0|bw=0.25,0.9259549834136566,0.0003562215353956417,3
cnn_full,bw|k=0|s=0.0|bw=0.5,0.9251599230393123,0.0005015778031559725,3
cnn_full,bw|k=0|s=0.0|bw=1.0,0.9191617453208446,0.0006269547364915038,3
cnn_full,joint|k=0|s=0.0|bw=0.0,0.9261654642233749,0.00034613083682141245,3
cnn_full,joint|k=0|s=0.1|bw=0.0,0.9259313318727328,0.00031913899154565483,3
cnn_full,joint|k=0|s=0.25|bw=0.0,0.9236092296211745,0.0004945686450388764,3
cnn_full,joint|k=2|s=0.0|bw=0.0,0.9220900715911036,0.0008449201865804497,3
cnn_full,joint|k=2|s=0.1|bw=0.0,0.9215277389054237,0.0005032001780211782,3
cnn_full,joint|k=2|s=0.25|bw=0.0,0.9186148609103036,0.0005291335718288557,3
cnn_full,joint|k=4|s=0.0|bw=0.0,0.9148367229869372,0.0006022302366296641,3
cnn_full,joint|k=4|s=0.1|bw=0.0,0.9148956426728635,0.00021768433357605664,3
cnn_full,joint|k=4|s=0.25|bw=0.0,0.9134512029430644,0.0004845551265144626,3
cnn_full,joint|k=6|s=0.0|bw=0.0,0.9019631572832859,0.00015305404565532082,3
cnn_full,joint|k=6|s=0.1|bw=0.0,0.901697839046013,0.0005070496960678783,3
cnn_full,joint|k=6|s=0.25|bw=0.0,0.9003208462516499,4.216764881648486e-05,3
cnn_full,joint|k=8|s=0.0|bw=0.0,0.8714495949627459,0.0013376461255349265,3
cnn_full,joint|k=8|s=0.1|bw=0.0,0.871400167214409,0.0007600307912653528,3
cnn_full,joint|k=8|s=0.25|bw=0.0,0.8685723009846337,0.0005861736238134114,3
cnn_full,missing|k=0|s=0.0|bw=0.0,0.9261654642233749,0.00034613083682141245,3
cnn_full,missing|k=10|s=0.0|bw=0.0,0.7640400555780298,0.005799396098910358,3
cnn_full,missing|k=12|s=0.0|bw=0.0,0.49977579542177275,0.0028538031700737453,3
cnn_full,missing|k=1|s=0.0|bw=0.0,0.9243888353910484,0.0006292506883595361,3
cnn_full,missing|k=2|s=0.0|bw=0.0,0.9210990567371778,0.0006937874400383525,3
cnn_full,missing|k=3|s=0.0|bw=0.0,0.9192079842532079,0.00039544593657523324,3
cnn_full,missing|k=4|s=0.0|bw=0.0,0.9141637510578678,0.0003329665621493811,3
cnn_full,missing|k=6|s=0.0|bw=0.0,0.9041890315758784,0.00037834515800369366,3
cnn_full,missing|k=8|s=0.0|bw=0.0,0.8705541255688122,0.0009817872721579965,3
cnn_full,noise|k=0|s=0.05|bw=0.0,0.9261278826960275,0.0003350666281026677,3
cnn_full,noise|k=0|s=0.15|bw=0.0,0.9254865877643196,0.00019911368271896155,3
cnn_full,noise|k=0|s=0.1|bw=0.0,0.9259549907435237,0.000338971748986197,3
cnn_full,noise|k=0|s=0.25|bw=0.0,0.9234004018870198,0.00037252943861880704,3
cnn_full,noise|k=0|s=0.2|bw=0.0,0.9248330012249353,0.00015948337594265518,3
cnn_full,noise|k=0|s=0.5|bw=0.0,0.9137087927780218,0.0027762084804699365,3
cnn_full_cleanfrac20,bw|k=0|s=0.0|bw=0.25,0.9269694792217437,0.0014515893609061718,3
cnn_full_cleanfrac20,bw|k=0|s=0.0|bw=0.5,0.9260971193393881,0.0013703591813158935,3
cnn_full_cleanfrac20,bw|k=0|s=0.0|bw=1.0,0.9202620984107606,0.001191081188298727,3
cnn_full_cleanfrac20,joint|k=0|s=0.0|bw=0.0,0.927060743277341,0.001491949815821614,3
cnn_full_cleanfrac20,joint|k=0|s=0.1|bw=0.0,0.9266707061650378,0.0013598987898160763,3
cnn_full_cleanfrac20,joint|k=0|s=0.25|bw=0.0,0.9245144507858208,0.0010073678249695962,3
cnn_full_cleanfrac20,joint|k=2|s=0.0|bw=0.0,0.9215516775164688,0.0007453514452021939,3
cnn_full_cleanfrac20,joint|k=2|s=0.1|bw=0.0,0.9214405718190269,0.00111371771966502,3
cnn_full_cleanfrac20,joint|k=2|s=0.25|bw=0.0,0.918708592758724,0.0009295214822990722,3
cnn_full_cleanfrac20,joint|k=4|s=0.0|bw=0.0,0.9129010911653985,0.001803243565020617,3
cnn_full_cleanfrac20,joint|k=4|s=0.1|bw=0.0,0.9133428139341374,0.0017518246327239144,3
cnn_full_cleanfrac20,joint|k=4|s=0.25|bw=0.0,0.9118995809649547,0.001939575497524019,3
cnn_full_cleanfrac20,joint|k=6|s=0.0|bw=0.0,0.8989226385351302,0.0022145092382143423,3
cnn_full_cleanfrac20,joint|k=6|s=0.1|bw=0.0,0.898855419757615,0.0021434389298255127,3
cnn_full_cleanfrac20,joint|k=6|s=0.25|bw=0.0,0.8972387847751183,0.002127720071878239,3
cnn_full_cleanfrac20,joint|k=8|s=0.0|bw=0.0,0.8653604774398423,0.0028260534512687774,3
cnn_full_cleanfrac20,joint|k=8|s=0.1|bw=0.0,0.8639019872809514,0.0028164098240802955,3
cnn_full_cleanfrac20,joint|k=8|s=0.25|bw=0.0,0.8610198445178973,0.0025559333187313957,3
cnn_full_cleanfrac20,missing|k=0|s=0.0|bw=0.0,0.927060743277341,0.001491949815821614,3
cnn_full_cleanfrac20,missing|k=10|s=0.0|bw=0.0,0.7460302838908328,0.004421969528986353,3
cnn_full_cleanfrac20,missing|k=12|s=0.0|bw=0.0,0.5001494498099218,0.0022281244044810387,3
cnn_full_cleanfrac20,missing|k=1|s=0.0|bw=0.0,0.9246660928161238,0.0012732700335700562,3
cnn_full_cleanfrac20,missing|k=2|s=0.0|bw=0.0,0.9207767751508662,0.0014391362435522837,3
cnn_full_cleanfrac20,missing|k=3|s=0.0|bw=0.0,0.9185370532903326,0.001080375433042993,3
cnn_full_cleanfrac20,missing|k=4|s=0.0|bw=0.0,0.9123654014549908,0.001156585541264915,3
cnn_full_cleanfrac20,missing|k=6|s=0.0|bw=0.0,0.8999921839015911,0.002454174418265909,3
cnn_full_cleanfrac20,missing|k=8|s=0.0|bw=0.0,0.8649172600438823,0.0031205919952901626,3
cnn_full_cleanfrac20,noise|k=0|s=0.05|bw=0.0,0.9270082449601977,0.001402238535937777,3
cnn_full_cleanfrac20,noise|k=0|s=0.15|bw=0.0,0.9262128116900478,0.0012100127598218711,3
cnn_full_cleanfrac20,noise|k=0|s=0.1|bw=0.0,0.9266740564199297,0.0013065074824876299,3
cnn_full_cleanfrac20,noise|k=0|s=0.25|bw=0.0,0.92432001262041,0.001087078466148424,3
cnn_full_cleanfrac20,noise|k=0|s=0.2|bw=0.0,0.9256074969777197,0.0011117760744814294,3
cnn_full_cleanfrac20,noise|k=0|s=0.5|bw=0.0,0.9157871947145747,0.002259666309103725,3
cnn_full_gss,bw|k=0|s=0.0|bw=0.25,0.9410987569011341,0.00030507228037879314,3
cnn_full_gss,bw|k=0|s=0.0|bw=0.5,0.9403362070790262,0.0004203722533816497,3
cnn_full_gss,bw|k=0|s=0.0|bw=1.0,0.9347227652241679,0.00029272080066035014,3
cnn_full_gss,joint|k=0|s=0.0|bw=0.0,0.94125112963345,0.0002356141309558845,3
cnn_full_gss,joint|k=0|s=0.1|bw=0.0,0.9410993810006286,0.0001156846632336318,3
cnn_full_gss,joint|k=0|s=0.25|bw=0.0,0.9393355081902145,0.0007796176822723593,3
cnn_full_gss,joint|k=2|s=0.0|bw=0.0,0.9371519065710432,0.0002224536122198452,3
cnn_full_gss,joint|k=2|s=0.1|bw=0.0,0.9365521085352292,0.00029064915088876164,3
cnn_full_gss,joint|k=2|s=0.25|bw=0.0,0.9351863970393124,0.0007410080342136814,3
cnn_full_gss,joint|k=4|s=0.0|bw=0.0,0.9305995722752042,0.0008592900562631975,3
cnn_full_gss,joint|k=4|s=0.1|bw=0.0,0.9311954051301446,0.0006312564605493023,3
cnn_full_gss,joint|k=4|s=0.25|bw=0.0,0.9287409975926598,0.0002968263883869617,3
cnn_full_gss,joint|k=6|s=0.0|bw=0.0,0.9208469700754772,0.0013824308843226113,3
cnn_full_gss,joint|k=6|s=0.1|bw=0.0,0.9196693999565774,0.001108282516668176,3
cnn_full_gss,joint|k=6|s=0.25|bw=0.0,0.9197015763255681,0.00038423070090899095,3
cnn_full_gss,joint|k=8|s=0.0|bw=0.0,0.8930414640604635,0.0023843887346997146,3
cnn_full_gss,joint|k=8|s=0.1|bw=0.0,0.8927510602230214,0.0022647192208313607,3
cnn_full_gss,joint|k=8|s=0.25|bw=0.0,0.8907823413678754,0.002274724133715453,3
cnn_full_gss,missing|k=0|s=0.0|bw=0.0,0.94125112963345,0.0002356141309558845,3
cnn_full_gss,missing|k=10|s=0.0|bw=0.0,0.7869211103799025,0.012969870558557218,3
cnn_full_gss,missing|k=12|s=0.0|bw=0.0,0.5014083447592593,0.0017564802385170478,3
cnn_full_gss,missing|k=1|s=0.0|bw=0.0,0.9392638919870279,0.00041113391324985193,3
cnn_full_gss,missing|k=2|s=0.0|bw=0.0,0.9371054276836168,0.0005181470246484478,3
cnn_full_gss,missing|k=3|s=0.0|bw=0.0,0.9342768421104898,0.0005243643428086453,3
cnn_full_gss,missing|k=4|s=0.0|bw=0.0,0.9315841945543645,0.0005524366109663624,3
cnn_full_gss,missing|k=6|s=0.0|bw=0.0,0.9208676166739815,0.0008455943192116511,3
cnn_full_gss,missing|k=8|s=0.0|bw=0.0,0.8940441042728283,0.0020284687971500845,3
cnn_full_gss,noise|k=0|s=0.05|bw=0.0,0.9412331531112713,0.00023045853578757046,3
cnn_full_gss,noise|k=0|s=0.15|bw=0.0,0.9407945241885048,6.994412977575811e-05,3
cnn_full_gss,noise|k=0|s=0.1|bw=0.0,0.94109949031745,0.0001406425782829135,3
cnn_full_gss,noise|k=0|s=0.25|bw=0.0,0.9394013298982932,0.0008122697574510649,3
cnn_full_gss,noise|k=0|s=0.2|bw=0.0,0.9400999497369367,0.00038869778527003836,3
cnn_full_gss,noise|k=0|s=0.5|bw=0.0,0.9292957777017041,0.004429853836956658,3
cnn_full_leadwise,bw|k=0|s=0.0|bw=0.25,0.9257439877203693,0.001258386265469703,3
cnn_full_leadwise,bw|k=0|s=0.0|bw=0.5,0.9249713204396165,0.0013757746068067717,3
cnn_full_leadwise,bw|k=0|s=0.0|bw=1.0,0.9193408514093079,0.0008801924679832485,3
cnn_full_leadwise,joint|k=0|s=0.0|bw=0.0,0.9258581709000807,0.001178201011059456,3
cnn_full_leadwise,joint|k=0|s=0.1|bw=0.0,0.9257068159366476,0.001127974631055698,3
cnn_full_leadwise,joint|k=0|s=0.25|bw=0.0,0.9247965343236823,0.0008335952212154776,3
cnn_full_leadwise,joint|k=2|s=0.0|bw=0.0,0.9216121214183982,0.0013300576935569664,3
cnn_full_leadwise,joint|k=2|s=0.1|bw=0.0,0.921470106602286,0.0011695172321929304,3
cnn_full_leadwise,joint|k=2|s=0.25|bw=0.0,0.9195169297599098,0.0012892488316140504,3
cnn_full_leadwise,joint|k=4|s=0.0|bw=0.0,0.9137608936467213,0.002128320527906961,3
cnn_full_leadwise,joint|k=4|s=0.1|bw=0.0,0.9139986129231548,0.001908154615944635,3
cnn_full_leadwise,joint|k=4|s=0.25|bw=0.0,0.9137957922529963,0.002222880469340391,3
cnn_full_leadwise,joint|k=6|s=0.0|bw=0.0,0.9000615429549362,0.0031218587646485124,3
cnn_full_leadwise,joint|k=6|s=0.1|bw=0.0,0.9003720481628186,0.0021881667039335717,3
cnn_full_leadwise,joint|k=6|s=0.25|bw=0.0,0.8988342632451723,0.0017634300467852734,3
cnn_full_leadwise,joint|k=8|s=0.0|bw=0.0,0.8683509200708525,0.0048989448234289254,3
cnn_full_leadwise,joint|k=8|s=0.1|bw=0.0,0.8673908588474158,0.0038261162148276935,3
cnn_full_leadwise,joint|k=8|s=0.25|bw=0.0,0.8641747899717878,0.0037713408524404253,3
cnn_full_leadwise,missing|k=0|s=0.0|bw=0.0,0.9258581709000807,0.001178201011059456,3
cnn_full_leadwise,missing|k=10|s=0.0|bw=0.0,0.7533887571694494,0.006481829736579201,3
cnn_full_leadwise,missing|k=12|s=0.0|bw=0.0,0.49989491893953814,0.0019435339944576045,3
cnn_full_leadwise,missing|k=1|s=0.0|bw=0.0,0.9242382031777439,0.0013316118572914582,3
cnn_full_leadwise,missing|k=2|s=0.0|bw=0.0,0.9205051383997384,0.001517939802784317,3
cnn_full_leadwise,missing|k=3|s=0.0|bw=0.0,0.9187765963121527,0.0015769357382273525,3
cnn_full_leadwise,missing|k=4|s=0.0|bw=0.0,0.913062812755952,0.0019217936994552368,3
cnn_full_leadwise,missing|k=6|s=0.0|bw=0.0,0.9019628206479836,0.002708621643417595,3
cnn_full_leadwise,missing|k=8|s=0.0|bw=0.0,0.867973662622641,0.0043832518714878475,3
cnn_full_leadwise,noise|k=0|s=0.05|bw=0.0,0.9258460419400958,0.0011673676155279874,3
cnn_full_leadwise,noise|k=0|s=0.15|bw=0.0,0.9255537851649697,0.0010604970513666285,3
cnn_full_leadwise,noise|k=0|s=0.1|bw=0.0,0.9257207292241979,0.0011885187385787075,3
cnn_full_leadwise,noise|k=0|s=0.25|bw=0.0,0.924570615187486,0.0008432054228960789,3
cnn_full_leadwise,noise|k=0|s=0.2|bw=0.0,0.9252738532539161,0.0009175371112636922,3
cnn_full_leadwise,noise|k=0|s=0.5|bw=0.0,0.9193255904397305,0.000958914899119897,3
cnn_full_leadwise_cleanfrac20,bw|k=0|s=0.0|bw=0.25,0.9261894632147839,0.0014560527436457396,3
cnn_full_leadwise_cleanfrac20,bw|k=0|s=0.0|bw=0.5,0.9252877534604309,0.001289286886126322,3
cnn_full_leadwise_cleanfrac20,bw|k=0|s=0.0|bw=1.0,0.9188142433426005,0.0009485946147993501,3
cnn_full_leadwise_cleanfrac20,joint|k=0|s=0.0|bw=0.0,0.9263663842422912,0.00134912775871419,3
cnn_full_leadwise_cleanfrac20,joint|k=0|s=0.1|bw=0.0,0.9261394193492615,0.0013353312626510712,3
cnn_full_leadwise_cleanfrac20,joint|k=0|s=0.25|bw=0.0,0.9252957663953145,0.0011826089087807296,3
cnn_full_leadwise_cleanfrac20,joint|k=2|s=0.0|bw=0.0,0.9212192820036605,0.0012013671332693366,3
cnn_full_leadwise_cleanfrac20,joint|k=2|s=0.1|bw=0.0,0.9211573251928886,0.001413666893481752,3
cnn_full_leadwise_cleanfrac20,joint|k=2|s=0.25|bw=0.0,0.9195159486919405,0.0013243251311003035,3
cnn_full_leadwise_cleanfrac20,joint|k=4|s=0.0|bw=0.0,0.9129582446568841,0.001966863770136789,3
cnn_full_leadwise_cleanfrac20,joint|k=4|s=0.1|bw=0.0,0.9133474088936776,0.0018078373137589753,3
cnn_full_leadwise_cleanfrac20,joint|k=4|s=0.25|bw=0.0,0.9124957922474236,0.00218009821436283,3
cnn_full_leadwise_cleanfrac20,joint|k=6|s=0.0|bw=0.0,0.8989439412284739,0.002469342303992783,3
cnn_full_leadwise_cleanfrac20,joint|k=6|s=0.1|bw=0.0,0.8986008923458844,0.0024987836275896357,3
cnn_full_leadwise_cleanfrac20,joint|k=6|s=0.25|bw=0.0,0.8974209852178262,0.0018832386474285634,3
cnn_full_leadwise_cleanfrac20,joint|k=8|s=0.0|bw=0.0,0.8662170697507962,0.00200495831472956,3
cnn_full_leadwise_cleanfrac20,joint|k=8|s=0.1|bw=0.0,0.8646858131143951,0.002227912179863193,3
cnn_full_leadwise_cleanfrac20,joint|k=8|s=0.25|bw=0.0,0.8626722471208333,0.0013536696363468982,3
cnn_full_leadwise_cleanfrac20,missing|k=0|s=0.0|bw=0.0,0.9263663842422912,0.00134912775871419,3
cnn_full_leadwise_cleanfrac20,missing|k=10|s=0.0|bw=0.0,0.7498305642931998,0.008895883483632542,3
cnn_full_leadwise_cleanfrac20,missing|k=12|s=0.0|bw=0.0,0.5016674010857826,0.001761149234159648,3
cnn_full_leadwise_cleanfrac20,missing|k=1|s=0.0|bw=0.0,0.9242327094318677,0.0015086195224882934,3
cnn_full_leadwise_cleanfrac20,missing|k=2|s=0.0|bw=0.0,0.9204440912999564,0.00103215476611191,3
cnn_full_leadwise_cleanfrac20,missing|k=3|s=0.0|bw=0.0,0.9183712678213004,0.0013934982885045486,3
cnn_full_leadwise_cleanfrac20,missing|k=4|s=0.0|bw=0.0,0.9121649630978158,0.001884052535290972,3
cnn_full_leadwise_cleanfrac20,missing|k=6|s=0.0|bw=0.0,0.9005765867697836,0.002299899840030586,3
cnn_full_leadwise_cleanfrac20,missing|k=8|s=0.0|bw=0.0,0.8653675291773354,0.0024585176913544658,3
cnn_full_leadwise_cleanfrac20,noise|k=0|s=0.05|bw=0.0,0.9263385563397085,0.001335011320396876,3
cnn_full_leadwise_cleanfrac20,noise|k=0|s=0.15|bw=0.0,0.9260228131224263,0.0012761872823709483,3
cnn_full_leadwise_cleanfrac20,noise|k=0|s=0.1|bw=0.0,0.9262225771269857,0.0013437213372629736,3
cnn_full_leadwise_cleanfrac20,noise|k=0|s=0.25|bw=0.0,0.9250219802502347,0.001200191773438687,3
cnn_full_leadwise_cleanfrac20,noise|k=0|s=0.2|bw=0.0,0.9258945049776065,0.0012288997868276099,3
cnn_full_leadwise_cleanfrac20,noise|k=0|s=0.5|bw=0.0,0.9197716735013132,0.0015043734670941381,3
inception_aug,bw|k=0|s=0.0|bw=0.25,0.9283418374465416,0.0006893478440626208,3
inception_aug,bw|k=0|s=0.0|bw=0.5,0.9268824227770155,0.0005047967537671446,3
inception_aug,bw|k=0|s=0.0|bw=1.0,0.9191474230617128,0.0006271271925955243,3
inception_aug,joint|k=0|s=0.0|bw=0.0,0.9286240349289372,0.0008206375523385529,3
inception_aug,joint|k=0|s=0.1|bw=0.0,0.9284722754551925,0.0006311721708407398,3
inception_aug,joint|k=0|s=0.25|bw=0.0,0.9256797561294206,0.0010356847111019406,3
inception_aug,joint|k=2|s=0.0|bw=0.0,0.9234242023171481,0.0009552192141367922,3
inception_aug,joint|k=2|s=0.1|bw=0.0,0.9232238573674717,0.0010499546227416081,3
inception_aug,joint|k=2|s=0.25|bw=0.0,0.9201690764545356,0.000780019690929062,3
inception_aug,joint|k=4|s=0.0|bw=0.0,0.9138817459119739,0.0008539297932862644,3
inception_aug,joint|k=4|s=0.1|bw=0.0,0.914287509537504,0.0006460602128350596,3
inception_aug,joint|k=4|s=0.25|bw=0.0,0.9135017951319432,0.000637147415567017,3
inception_aug,joint|k=6|s=0.0|bw=0.0,0.8983784802834563,0.0009374046504026143,3
inception_aug,joint|k=6|s=0.1|bw=0.0,0.8982239591388499,0.0007696773510223494,3
inception_aug,joint|k=6|s=0.25|bw=0.0,0.8967585629602578,0.0005354578311553245,3
inception_aug,joint|k=8|s=0.0|bw=0.0,0.8634452388771465,0.002585869262391165,3
inception_aug,joint|k=8|s=0.1|bw=0.0,0.8643554456605713,0.0026228439535001436,3
inception_aug,joint|k=8|s=0.25|bw=0.0,0.8598641118436253,0.0021582580368109698,3
inception_aug,missing|k=0|s=0.0|bw=0.0,0.9286240349289372,0.0008206375523385529,3
inception_aug,missing|k=10|s=0.0|bw=0.0,0.757164063287456,0.009772654004394178,3
inception_aug,missing|k=12|s=0.0|bw=0.0,0.5,0.0,3
inception_aug,missing|k=1|s=0.0|bw=0.0,0.9263033959415675,0.0008102870891729709,3
inception_aug,missing|k=2|s=0.0|bw=0.0,0.9219447246337918,0.000942538427258577,3
inception_aug,missing|k=3|s=0.0|bw=0.0,0.9204771731687091,0.0012466037930707395,3
inception_aug,missing|k=4|s=0.0|bw=0.0,0.9136535164931608,0.0008279154600060823,3
inception_aug,missing|k=6|s=0.0|bw=0.0,0.899730425894564,0.0009539801187780091,3
inception_aug,missing|k=8|s=0.0|bw=0.0,0.8632209789621653,0.0023278667248968783,3
inception_aug,noise|k=0|s=0.05|bw=0.0,0.9286314129163107,0.0007616465683392595,3
inception_aug,noise|k=0|s=0.15|bw=0.0,0.9279905752932818,0.000528941241459941,3
inception_aug,noise|k=0|s=0.1|bw=0.0,0.9284470947089014,0.0006316455237609844,3
inception_aug,noise|k=0|s=0.25|bw=0.0,0.9257135962342974,0.001011636432401399,3
inception_aug,noise|k=0|s=0.2|bw=0.0,0.9272711610203968,0.000631570200399084,3
inception_aug,noise|k=0|s=0.5|bw=0.0,0.912942349564878,0.004984625659881576,3
inception_clean,bw|k=0|s=0.0|bw=0.25,0.9253939910730898,0.00183514937444611,3
inception_clean,bw|k=0|s=0.0|bw=0.5,0.922207115053001,0.0021764336293345304,3
inception_clean,bw|k=0|s=0.0|bw=1.0,0.9021058446680983,0.007393680156467376,3
inception_clean,joint|k=0|s=0.0|bw=0.0,0.9260284923332353,0.00167751354609739,3
inception_clean,joint|k=0|s=0.1|bw=0.0,0.9250957360467401,0.0016455450336268153,3
inception_clean,joint|k=0|s=0.25|bw=0.0,0.9177239573290118,0.0012781848228627115,3
inception_clean,joint|k=2|s=0.0|bw=0.0,0.8984827859713417,0.004067819255854704,3
inception_clean,joint|k=2|s=0.1|bw=0.0,0.8966082682102274,0.0037103684188111333,3
inception_clean,joint|k=2|s=0.25|bw=0.0,0.8856283951902638,0.005492622440823744,3
inception_clean,joint|k=4|s=0.0|bw=0.0,0.847420440628999,0.010079345494499093,3
inception_clean,joint|k=4|s=0.1|bw=0.0,0.8479257353315276,0.01030212279520565,3
inception_clean,joint|k=4|s=0.25|bw=0.0,0.837773645659956,0.009707799758167464,3
inception_clean,joint|k=6|s=0.0|bw=0.0,0.7710180643594766,0.017765592342763894,3
inception_clean,joint|k=6|s=0.1|bw=0.0,0.7679397170144755,0.01827177651961888,3
inception_clean,joint|k=6|s=0.25|bw=0.0,0.7527832002757199,0.018170657119074254,3
inception_clean,joint|k=8|s=0.0|bw=0.0,0.6555114201790307,0.021788050717927436,3
inception_clean,joint|k=8|s=0.1|bw=0.0,0.6526913289538219,0.022319764309071143,3
inception_clean,joint|k=8|s=0.25|bw=0.0,0.6394145343860251,0.020161103831359408,3
inception_clean,missing|k=0|s=0.0|bw=0.0,0.9260284923332353,0.00167751354609739,3
inception_clean,missing|k=10|s=0.0|bw=0.0,0.5463619442396497,0.01421129650614487,3
inception_clean,missing|k=12|s=0.0|bw=0.0,0.5,0.0,3
inception_clean,missing|k=1|s=0.0|bw=0.0,0.9147762176372457,0.0022897663659331427,3
inception_clean,missing|k=2|s=0.0|bw=0.0,0.896625459188888,0.004296408355743179,3
inception_clean,missing|k=3|s=0.0|bw=0.0,0.8801950184572201,0.005651059299471261,3
inception_clean,missing|k=4|s=0.0|bw=0.0,0.8506842018389099,0.01011047819171834,3
inception_clean,missing|k=6|s=0.0|bw=0.0,0.7706464451297576,0.015661659387816176,3
inception_clean,missing|k=8|s=0.0|bw=0.0,0.6508402333114244,0.02230302910496956,3
inception_clean,noise|k=0|s=0.05|bw=0.0,0.9257819043160187,0.0016603552624809294,3
inception_clean,noise|k=0|s=0.15|bw=0.0,0.9237627151351377,0.0015884687661790956,3
inception_clean,noise|k=0|s=0.1|bw=0.0,0.9251392274912901,0.0016535877352616443,3
inception_clean,noise|k=0|s=0.25|bw=0.0,0.9175220966300554,0.0013963084922821941,3
inception_clean,noise|k=0|s=0.2|bw=0.0,0.9215175676589982,0.0014805844806977978,3
inception_clean,noise|k=0|s=0.5|bw=0.0,0.8779487244037046,0.005489178748631471,3
resnet_aug,bw|k=0|s=0.0|bw=0.25,0.9294160040673973,0.0007055756855502783,3
resnet_aug,bw|k=0|s=0.0|bw=0.5,0.928356483786016,0.00043258090096602456,3
resnet_aug,bw|k=0|s=0.0|bw=1.0,0.9178546659462222,0.0010618070770300391,3
resnet_aug,joint|k=0|s=0.0|bw=0.0,0.9293673831062551,0.0009265355661140158,3
resnet_aug,joint|k=0|s=0.1|bw=0.0,0.9292590565686097,0.0007942831394208632,3
resnet_aug,joint|k=0|s=0.25|bw=0.0,0.9270175292927635,0.000718453188664679,3
resnet_aug,joint|k=2|s=0.0|bw=0.0,0.9237039863282331,0.0007484743267269872,3
resnet_aug,joint|k=2|s=0.1|bw=0.0,0.92382185178187,0.0008993058326836942,3
resnet_aug,joint|k=2|s=0.25|bw=0.0,0.9212328554957603,0.0008702573997193695,3
resnet_aug,joint|k=4|s=0.0|bw=0.0,0.915469665133832,0.00040906442473227973,3
resnet_aug,joint|k=4|s=0.1|bw=0.0,0.9156280698432718,0.0010480116889932407,3
resnet_aug,joint|k=4|s=0.25|bw=0.0,0.9137716565150927,0.0016398634725434838,3
resnet_aug,joint|k=6|s=0.0|bw=0.0,0.9001622245522349,0.0011143440904580598,3
resnet_aug,joint|k=6|s=0.1|bw=0.0,0.9001994996202131,0.0018222956797248032,3
resnet_aug,joint|k=6|s=0.25|bw=0.0,0.8978635961710033,0.0016189377766711785,3
resnet_aug,joint|k=8|s=0.0|bw=0.0,0.8692019340318607,0.00309125543058389,3
resnet_aug,joint|k=8|s=0.1|bw=0.0,0.8677360381993685,0.002431612869383586,3
resnet_aug,joint|k=8|s=0.25|bw=0.0,0.8631836694024967,0.004267284375665567,3
resnet_aug,missing|k=0|s=0.0|bw=0.0,0.9293673831062551,0.0009265355661140158,3
resnet_aug,missing|k=10|s=0.0|bw=0.0,0.7663577599919709,0.0089944308023077,3
resnet_aug,missing|k=12|s=0.0|bw=0.0,0.5,0.0,3
resnet_aug,missing|k=1|s=0.0|bw=0.0,0.9269613564805249,0.0008232897017260943,3
resnet_aug,missing|k=2|s=0.0|bw=0.0,0.922560661089166,0.000983534499512016,3
resnet_aug,missing|k=3|s=0.0|bw=0.0,0.920793843083434,0.0011170957221976047,3
resnet_aug,missing|k=4|s=0.0|bw=0.0,0.913897154030569,0.0007602764669921248,3
resnet_aug,missing|k=6|s=0.0|bw=0.0,0.9019604613304599,0.0013805949744917195,3
resnet_aug,missing|k=8|s=0.0|bw=0.0,0.8677533111133409,0.0029401927713080768,3
resnet_aug,noise|k=0|s=0.05|bw=0.0,0.9292915367665856,0.0008861471291965187,3
resnet_aug,noise|k=0|s=0.15|bw=0.0,0.929018642257235,0.0007971002663819302,3
resnet_aug,noise|k=0|s=0.1|bw=0.0,0.9290754534862824,0.0008861462437843973,3
resnet_aug,noise|k=0|s=0.25|bw=0.0,0.9268454208461958,0.0006096931040859176,3
resnet_aug,noise|k=0|s=0.2|bw=0.0,0.9283879978558267,0.0008212960830765768,3
resnet_aug,noise|k=0|s=0.5|bw=0.0,0.9137734393912762,0.0014984202746748697,3
resnet_aug_gss,bw|k=0|s=0.0|bw=0.25,0.9442563244043113,0.0013723497475235122,3
resnet_aug_gss,bw|k=0|s=0.0|bw=0.5,0.9435976215109892,0.0011643328927243605,3
resnet_aug_gss,bw|k=0|s=0.0|bw=1.0,0.9353881852352143,0.0016341199084812272,3
resnet_aug_gss,joint|k=0|s=0.0|bw=0.0,0.9439047439194891,0.0014031952780404688,3
resnet_aug_gss,joint|k=0|s=0.1|bw=0.0,0.9440536751443478,0.0013682229197419001,3
resnet_aug_gss,joint|k=0|s=0.25|bw=0.0,0.9423945010491592,0.001532786063705219,3
resnet_aug_gss,joint|k=2|s=0.0|bw=0.0,0.9388999548365042,0.0011422949620855133,3
resnet_aug_gss,joint|k=2|s=0.1|bw=0.0,0.9389982885236853,0.0010803581146535918,3
resnet_aug_gss,joint|k=2|s=0.25|bw=0.0,0.9375083772077719,0.0008235550793076982,3
resnet_aug_gss,joint|k=4|s=0.0|bw=0.0,0.930883634864557,0.0007300002289819451,3
resnet_aug_gss,joint|k=4|s=0.1|bw=0.0,0.9326435136181771,0.0010689136692462787,3
resnet_aug_gss,joint|k=4|s=0.25|bw=0.0,0.9302681512720192,0.0009479354174625388,3
resnet_aug_gss,joint|k=6|s=0.0|bw=0.0,0.9200528967145534,0.0013599876260022574,3
resnet_aug_gss,joint|k=6|s=0.1|bw=0.0,0.9198837895595746,0.0012685673564559925,3
resnet_aug_gss,joint|k=6|s=0.25|bw=0.0,0.9181498491039782,0.0011219137255662449,3
resnet_aug_gss,joint|k=8|s=0.0|bw=0.0,0.8889350356883591,0.0019833489020089213,3
resnet_aug_gss,joint|k=8|s=0.1|bw=0.0,0.8896523196951347,0.0013664029108986272,3
resnet_aug_gss,joint|k=8|s=0.25|bw=0.0,0.8859867109864633,0.001966746529123409,3
resnet_aug_gss,missing|k=0|s=0.0|bw=0.0,0.9439047439194891,0.0014031952780404688,3
resnet_aug_gss,missing|k=10|s=0.0|bw=0.0,0.7831809347704356,0.0016758242717887142,3
resnet_aug_gss,missing|k=12|s=0.0|bw=0.0,0.5,0.0,3
resnet_aug_gss,missing|k=1|s=0.0|bw=0.0,0.9414891022645056,0.001295320844745577,3
resnet_aug_gss,missing|k=2|s=0.0|bw=0.0,0.9392911258998434,0.001098087333336594,3
resnet_aug_gss,missing|k=3|s=0.0|bw=0.0,0.9364424265308671,0.0010752831160737869,3
resnet_aug_gss,missing|k=4|s=0.0|bw=0.0,0.9323906409146283,0.0008456873581680448,3
resnet_aug_gss,missing|k=6|s=0.0|bw=0.0,0.9200700904259568,0.0012867307184239837,3
resnet_aug_gss,missing|k=8|s=0.0|bw=0.0,0.8895716902044128,0.0020006739100706518,3
resnet_aug_gss,noise|k=0|s=0.05|bw=0.0,0.9439732246614265,0.0013478121398380744,3
resnet_aug_gss,noise|k=0|s=0.15|bw=0.0,0.9438731312032621,0.0013513614582495901,3
resnet_aug_gss,noise|k=0|s=0.1|bw=0.0,0.9440732366300036,0.0013012278372799412,3
resnet_aug_gss,noise|k=0|s=0.25|bw=0.0,0.9423954772263792,0.001400979952176125,3
resnet_aug_gss,noise|k=0|s=0.2|bw=0.0,0.9434453918539604,0.001375989881949528,3
resnet_aug_gss,noise|k=0|s=0.5|bw=0.0,0.9301149080583522,0.0012186427393294584,3
resnet_clean,bw|k=0|s=0.0|bw=0.25,0.9264813872536358,0.0017088316597602409,3
resnet_clean,bw|k=0|s=0.0|bw=0.5,0.922245680380586,0.001382881834524559,3
resnet_clean,bw|k=0|s=0.0|bw=1.0,0.9004973971665353,0.001986205022368447,3
resnet_clean,joint|k=0|s=0.0|bw=0.0,0.9274420378509359,0.0015057901162821902,3
resnet_clean,joint|k=0|s=0.1|bw=0.0,0.9267482268089546,0.0014087905051565442,3
resnet_clean,joint|k=0|s=0.25|bw=0.0,0.920805602624863,0.0010878322539721519,3
resnet_clean,joint|k=2|s=0.0|bw=0.0,0.8997815984545897,0.0015087606592929714,3
resnet_clean,joint|k=2|s=0.1|bw=0.0,0.8990688956796594,0.0024920118155941848,3
resnet_clean,joint|k=2|s=0.25|bw=0.0,0.8911114744035863,0.0030226059494094346,3
resnet_clean,joint|k=4|s=0.0|bw=0.0,0.8571106723225995,0.002778808834290317,3
resnet_clean,joint|k=4|s=0.1|bw=0.0,0.8560101922975379,0.004107141587575198,3
resnet_clean,joint|k=4|s=0.25|bw=0.0,0.8470254175899573,0.005810956245932167,3
resnet_clean,joint|k=6|s=0.0|bw=0.0,0.7893387864390178,0.007006143999013287,3
resnet_clean,joint|k=6|s=0.1|bw=0.0,0.7855338558033912,0.0066645367695415654,3
resnet_clean,joint|k=6|s=0.25|bw=0.0,0.7713930948441258,0.01206730517850228,3
resnet_clean,joint|k=8|s=0.0|bw=0.0,0.6826259230257546,0.012201499705417316,3
resnet_clean,joint|k=8|s=0.1|bw=0.0,0.6775769384543217,0.009930487677309073,3
resnet_clean,joint|k=8|s=0.25|bw=0.0,0.6658664330906059,0.013437404137902658,3
resnet_clean,missing|k=0|s=0.0|bw=0.0,0.9274420378509359,0.0015057901162821902,3
resnet_clean,missing|k=10|s=0.0|bw=0.0,0.5507199677540066,0.005613044403366194,3
resnet_clean,missing|k=12|s=0.0|bw=0.0,0.5,0.0,3
resnet_clean,missing|k=1|s=0.0|bw=0.0,0.9167123545364974,0.0006927631583718147,3
resnet_clean,missing|k=2|s=0.0|bw=0.0,0.8987899081550471,0.0008993952868184254,3
resnet_clean,missing|k=3|s=0.0|bw=0.0,0.8841892683130282,0.0025459571251285895,3
resnet_clean,missing|k=4|s=0.0|bw=0.0,0.8583375960414871,0.004556539609946981,3
resnet_clean,missing|k=6|s=0.0|bw=0.0,0.7885776272404197,0.008225154496809488,3
resnet_clean,missing|k=8|s=0.0|bw=0.0,0.6798125053964522,0.008339070522816992,3
resnet_clean,noise|k=0|s=0.05|bw=0.0,0.9272238894741992,0.0014491860104906733,3
resnet_clean,noise|k=0|s=0.15|bw=0.0,0.9254040977229955,0.0011197715193934624,3
resnet_clean,noise|k=0|s=0.1|bw=0.0,0.9266390594905326,0.0012126215120598352,3
resnet_clean,noise|k=0|s=0.25|bw=0.0,0.9206071401556747,0.0012726703274280626,3
resnet_clean,noise|k=0|s=0.2|bw=0.0,0.9236465814276328,0.0010859235813901272,3
resnet_clean,noise|k=0|s=0.5|bw=0.0,0.9035863150218196,0.0033237473985390036,3
tx_full,bw|k=0|s=0.0|bw=0.25,0.9200663706883466,0.0013424409200421918,3
tx_full,bw|k=0|s=0.0|bw=0.5,0.9177491371352203,0.0012899780293824724,3
tx_full,bw|k=0|s=0.0|bw=1.0,0.9074375129742016,0.0012351166407334455,3
tx_full,joint|k=0|s=0.0|bw=0.0,0.9203715703349031,0.0019334740390824293,3
tx_full,joint|k=0|s=0.1|bw=0.0,0.9202280934619003,0.001943432180253304,3
tx_full,joint|k=0|s=0.25|bw=0.0,0.9182855272047888,0.0019359993314018113,3
tx_full,joint|k=2|s=0.0|bw=0.0,0.9159768351610622,0.001110757340797293,3
tx_full,joint|k=2|s=0.1|bw=0.0,0.915388511040566,0.0014284414128960775,3
tx_full,joint|k=2|s=0.25|bw=0.0,0.9133238419786432,0.0013862980374575087,3
tx_full,joint|k=4|s=0.0|bw=0.0,0.9084537265887235,0.000625606357640812,3
tx_full,joint|k=4|s=0.1|bw=0.0,0.9076597932435337,0.0006081827591642571,3
tx_full,joint|k=4|s=0.25|bw=0.0,0.9063615592706804,2.388937966581492e-05,3
tx_full,joint|k=6|s=0.0|bw=0.0,0.8940740174758672,0.0011043721475131694,3
tx_full,joint|k=6|s=0.1|bw=0.0,0.8937517061119058,0.00017614592870014245,3
tx_full,joint|k=6|s=0.25|bw=0.0,0.8923568725478992,0.0010891329137642735,3
tx_full,joint|k=8|s=0.0|bw=0.0,0.8650611515485768,0.004364942672303672,3
tx_full,joint|k=8|s=0.1|bw=0.0,0.8642501657233042,0.004788709089094142,3
tx_full,joint|k=8|s=0.25|bw=0.0,0.8607955709505815,0.003734274504120974,3
tx_full,missing|k=0|s=0.0|bw=0.0,0.9203715703349031,0.0019334740390824293,3
tx_full,missing|k=10|s=0.0|bw=0.0,0.7750386727407976,0.012924812849966886,3
tx_full,missing|k=12|s=0.0|bw=0.0,0.5,0.0,3
tx_full,missing|k=1|s=0.0|bw=0.0,0.9184777245705863,0.0011572102221487348,3
tx_full,missing|k=2|s=0.0|bw=0.0,0.9150540197023057,0.001290348868047573,3
tx_full,missing|k=3|s=0.0|bw=0.0,0.9130448820296674,0.000969852835667312,3
tx_full,missing|k=4|s=0.0|bw=0.0,0.9069647291511939,0.0011867400022382122,3
tx_full,missing|k=6|s=0.0|bw=0.0,0.8963511623250312,4.848142250290232e-05,3
tx_full,missing|k=8|s=0.0|bw=0.0,0.8657537496347394,0.0034342784525440884,3
tx_full,noise|k=0|s=0.05|bw=0.0,0.9203892849283412,0.002030037265892989,3
tx_full,noise|k=0|s=0.15|bw=0.0,0.9202011002808904,0.0021646396995960724,3
tx_full,noise|k=0|s=0.1|bw=0.0,0.9202996633496351,0.0018349745493279317,3
tx_full,noise|k=0|s=0.25|bw=0.0,0.9180549000926201,0.0016629796882371675,3
tx_full,noise|k=0|s=0.2|bw=0.0,0.9195680608053777,0.001863755546046294,3
tx_full,noise|k=0|s=0.5|bw=0.0,0.9070375506806808,0.0017925694767963343,3
