config,seed,key,macro_auroc_mean_over_realizations
cnn_diag_lead,0,y_score,0.9151536554195596
cnn_diag_lead,1,y_score,0.9224366245851694
cnn_diag_lead,2,y_score,0.922327184032687
cnn_diag_rec,0,y_score,0.9173041393299783
cnn_diag_rec,0,post_oracle,0.9141335197758218
cnn_diag_rec,1,y_score,0.9186615349870729
cnn_diag_rec,1,post_oracle,0.9147106846423586
cnn_diag_rec,2,y_score,0.9205436419581965
cnn_diag_rec,2,post_oracle,0.917753282383349
cnn_diagonly_aug,0,y_score,0.921314816446994
cnn_diagonly_aug,1,y_score,0.9202165967487914
cnn_diagonly_aug,2,y_score,0.9215441469813757
cnn_diagonly_clean,0,y_score,0.8928874834494351
cnn_diagonly_clean,1,y_score,0.8909868598634443
cnn_diagonly_clean,2,y_score,0.886238970053834
cnn_full_cleanfrac20,0,y_score,0.9173097068163034
cnn_full_cleanfrac20,0,post_oracle,0.9154045646404538
cnn_full_cleanfrac20,0,post_pred,0.9126313730804068
cnn_full_cleanfrac20,1,y_score,0.9198262153467098
cnn_full_cleanfrac20,1,post_oracle,0.9166869137126072
cnn_full_cleanfrac20,1,post_pred,0.9153420920174845
cnn_full_cleanfrac20,2,y_score,0.9204318718514747
cnn_full_cleanfrac20,2,post_oracle,0.9178497763644969
cnn_full_cleanfrac20,2,post_pred,0.9152248154238605
cnn_full_leadwise_cleanfrac20,0,y_score,0.918087968791206
cnn_full_leadwise_cleanfrac20,0,post_oracle,0.9128547522699411
cnn_full_leadwise_cleanfrac20,0,post_pred,0.9138940162069705
cnn_full_leadwise_cleanfrac20,1,y_score,0.9208724761313976
cnn_full_leadwise_cleanfrac20,1,post_oracle,0.9172703884204874
cnn_full_leadwise_cleanfrac20,1,post_pred,0.9183895641960973
cnn_full_leadwise_cleanfrac20,2,y_score,0.9188210826412064
cnn_full_leadwise_cleanfrac20,2,post_oracle,0.9140158494222336
cnn_full_leadwise_cleanfrac20,2,post_pred,0.9148611707541248
cnn_full_leadwise,0,y_score,0.9174170785231471
cnn_full_leadwise,0,post_oracle,0.9147628789198675
cnn_full_leadwise,0,post_pred,0.9158208691303974
cnn_full_leadwise,1,y_score,0.9203916896047193
cnn_full_leadwise,1,post_oracle,0.9173883072833006
cnn_full_leadwise,1,post_pred,0.918205821902791
cnn_full_leadwise,2,y_score,0.9198841245754787
cnn_full_leadwise,2,post_oracle,0.9154491975958337
cnn_full_leadwise,2,post_pred,0.916301369370526
cnn_full,0,y_score,0.9193285665324339
cnn_full,0,post_oracle,0.9137787571453639
cnn_full,0,post_pred,0.9124461997710862
cnn_full,1,y_score,0.9192708227718688
cnn_full,1,post_oracle,0.916255601390153
cnn_full,1,post_pred,0.9153061844202405
cnn_full,2,y_score,0.9203085957774009
cnn_full,2,post_oracle,0.9171580644696464
cnn_full,2,post_pred,0.9148924521727013
inception_aug,0,y_score,0.9198955398439951
inception_aug,1,y_score,0.9216542733635746
inception_aug,2,y_score,0.92110922443122
resnet_aug,0,y_score,0.920621684524319
resnet_aug,1,y_score,0.9224421087508349
resnet_aug,2,y_score,0.9231632407032997
tx_full,0,y_score,0.912692012711136
tx_full,0,post_oracle,0.9100171227990563
tx_full,0,post_pred,0.9097617377610018
tx_full,1,y_score,0.9145205062720617
tx_full,1,post_oracle,0.9115220441393068
tx_full,1,post_pred,0.9103862358760381
tx_full,2,y_score,0.9122299513026422
tx_full,2,post_oracle,0.908468340532503
tx_full,2,post_pred,0.9067918357080282
