,,auroc,auroc,auprc,auprc,prevalence,prevalence
,,mean,std,mean,std,mean,std
config,class,,,,,,
cnn_diag_lead,CD,0.9251234100643092,0.005853382275670229,0.8540818080398965,0.008070505377740872,0.22984244670991658,0.0
cnn_diag_lead,HYP,0.907423959373423,0.0015177056037311819,0.6659708753000048,0.008790001144596889,0.12140871177015755,0.0
cnn_diag_lead,MI,0.9274159505502789,0.00899524584216894,0.8340841948406822,0.0203013377658824,0.2548656163113994,0.0
cnn_diag_lead,NORM,0.9488495534207809,0.0022889664958791276,0.9299332992287749,0.0034447571736249834,0.4462465245597776,0.0
cnn_diag_lead,STTC,0.9346193335420386,0.0017750183174883266,0.8281633743129203,0.005347429934100649,0.24142724745134383,0.0
cnn_diag_rec,CD,0.9188049118176055,0.003298160742566694,0.8431569996794092,0.004823449979039491,0.22984244670991658,0.0
cnn_diag_rec,HYP,0.9030220311141174,0.004557140706581253,0.6691599895367264,0.00906640243168116,0.12140871177015755,0.0
cnn_diag_rec,MI,0.9228667269712045,0.0010723337158397345,0.8305922916487612,0.0036904153238462687,0.2548656163113994,0.0
cnn_diag_rec,NORM,0.9465296877059283,0.0005817030161122943,0.9250585006345974,0.0014671690528931366,0.4462465245597776,0.0
cnn_diag_rec,STTC,0.9360177376104644,0.0016344413121390572,0.8316983082068304,0.004476887654760265,0.24142724745134383,0.0
cnn_diagonly_aug,CD,0.926269360661465,0.0019073863879897227,0.8529869699750217,0.0026712437479070733,0.22984244670991658,0.0
cnn_diagonly_aug,HYP,0.9065301532085762,0.004443636677082685,0.67153898155613,0.01112578270096684,0.12140871177015755,0.0
cnn_diagonly_aug,MI,0.9276684758028043,0.0013938660903003545,0.834509085033539,0.0025774156720224334,0.2548656163113994,0.0
cnn_diagonly_aug,NORM,0.9488234842592954,0.0008084920260537694,0.930144235517124,0.00253609036683156,0.4462465245597776,0.0
cnn_diagonly_aug,STTC,0.9350015691985284,0.001449296123821284,0.8310416738397279,0.004383680724473459,0.24142724745134383,0.0
cnn_diagonly_clean,CD,0.9229289591501365,0.0011886654414543863,0.8479170289269593,0.003165560653432609,0.22984244670991658,0.0
cnn_diagonly_clean,HYP,0.9032535349631204,0.000791676902793421,0.6631504487953919,0.005477341343988032,0.12140871177015755,0.0
cnn_diagonly_clean,MI,0.9247919493441881,0.004713637829989279,0.8298857424677063,0.009381784494458149,0.2548656163113994,0.0
cnn_diagonly_clean,NORM,0.9456989504265928,0.002216318550015019,0.9260111659097476,0.004516339761992658,0.4462465245597776,0.0
cnn_diagonly_clean,STTC,0.9340952251418825,0.0004587081033817045,0.8262515279234609,0.004310883621207849,0.24142724745134383,0.0
cnn_full,CD,0.9216576575702288,0.00039088914558609006,0.844946278284044,0.00209124968204364,0.22984244670991658,0.0
cnn_full,HYP,0.8995984582514683,0.003140544778989268,0.6625978929032713,0.003697510707259807,0.12140871177015755,0.0
cnn_full,MI,0.9250576662143827,0.0022141552661383464,0.835289210989588,0.007519963165407251,0.2548656163113994,0.0
cnn_full,NORM,0.9473397144847503,0.0008320171787825895,0.9259861118681787,0.0007512694136657987,0.4462465245597776,0.0
cnn_full,STTC,0.9371738245960438,0.0004181264493049145,0.8339600749149131,0.009534994711565868,0.24142724745134383,0.0
cnn_full_cleanfrac20,CD,0.921546054759779,0.002772402951133932,0.8438061541069449,0.004906082423618542,0.22984244670991658,0.0
cnn_full_cleanfrac20,HYP,0.9044768147217659,0.0014062813424613662,0.6667222041153003,0.006822346631986169,0.12140871177015755,0.0
cnn_full_cleanfrac20,MI,0.9255276647067693,0.0024054703974342095,0.8341206227962035,0.008732647744453136,0.2548656163113994,0.0
cnn_full_cleanfrac20,NORM,0.9470124016794333,0.0018240396736057013,0.925762119367134,0.002056922813239621,0.4462465245597776,0.0
cnn_full_cleanfrac20,STTC,0.9367407805189573,0.000936222361625049,0.8332874442879484,0.0017965187071801952,0.24142724745134383,0.0
cnn_full_leadwise,CD,0.9195246690734056,0.0011889258022054457,0.8443806771551529,0.0014885345239804104,0.22984244670991658,0.0
cnn_full_leadwise,HYP,0.9028697082917297,0.0011874702789777653,0.6673541922270037,0.008763125299118364,0.12140871177015755,0.0
cnn_full_leadwise,MI,0.9242872757424996,0.0021301720766658656,0.8312872984116737,0.007306454563887314,0.2548656163113994,0.0
cnn_full_leadwise,NORM,0.9474946811669135,0.001659788099988052,0.9274864077727631,0.000875855520283692,0.4462465245597776,0.0
cnn_full_leadwise,STTC,0.9351145202258552,0.0022361212957066525,0.8289336888719708,0.0065026811374234465,0.24142724745134383,0.0
cnn_full_leadwise_cleanfrac20,CD,0.9222827950519519,0.0016304483601201404,0.8459204224344772,0.0033004778187827274,0.22984244670991658,0.0
cnn_full_leadwise_cleanfrac20,HYP,0.9044224616441738,0.00035690175735663077,0.6685349216010064,0.0039978569296167474,0.12140871177015755,0.0
cnn_full_leadwise_cleanfrac20,MI,0.9215264586160109,0.0018688585502403426,0.8290753966513421,0.006396897034266195,0.2548656163113994,0.0
cnn_full_leadwise_cleanfrac20,NORM,0.9472053134744254,0.001331335039896334,0.9254600619113106,0.0027033271369093217,0.4462465245597776,0.0
cnn_full_leadwise_cleanfrac20,STTC,0.9363948924248944,0.001978855631862142,0.8319686437906667,0.006400438325632385,0.24142724745134383,0.0
inception_aug,CD,0.9262588473532342,0.0006063360140799247,0.8527938425926843,0.001824494795219989,0.22984244670991658,0.0
inception_aug,HYP,0.9071287080877379,0.000734342768173115,0.6722053037865278,0.002510135745716511,0.12140871177015755,0.0
inception_aug,MI,0.9246834011759385,0.0019471546672050674,0.8284028262845897,0.004637521255351235,0.2548656163113994,0.0
inception_aug,NORM,0.9483645221884771,0.0010649408757710049,0.9292197290856588,0.002136307401488898,0.4462465245597776,0.0
inception_aug,STTC,0.9366846958392984,0.0015071880985809433,0.835658117176494,0.002931486332040485,0.24142724745134383,0.0
inception_clean,CD,0.9203968692985521,0.0030112287347799447,0.8459714203141656,0.008791131047962192,0.22984244670991658,0.0
inception_clean,HYP,0.9085667160541545,0.0039779706183546695,0.678073802910146,0.00738423827222898,0.12140871177015755,0.0
inception_clean,MI,0.9234471581486506,0.0011427526578669078,0.826246595823492,0.0064292505578915984,0.2548656163113994,0.0
inception_clean,NORM,0.9433386775114379,0.0024628880075094873,0.9237380326507701,0.004527480543313491,0.4462465245597776,0.0
inception_clean,STTC,0.9343930406533807,0.002097430886336874,0.8284704041376737,0.009819060666044703,0.24142724745134383,0.0
resnet_aug,CD,0.92382744264586,0.0006529437855811645,0.851347806813166,0.003207471378925298,0.22984244670991658,0.0
resnet_aug,HYP,0.90305692444788,0.0017549417077581055,0.6777969005410865,0.0014120829372650308,0.12140871177015755,0.0
resnet_aug,MI,0.9364834916327455,0.0017147605231455079,0.8582521437045046,0.004355679010218215,0.2548656163113994,0.0
resnet_aug,NORM,0.9484803851284124,0.0012419635388831736,0.9268383991016581,0.0009854524944747992,0.4462465245597776,0.0
resnet_aug,STTC,0.9349886716763769,0.0011685289032861029,0.8301877744858278,0.002136857559914089,0.24142724745134383,0.0
resnet_clean,CD,0.920682346052819,0.003875566356495357,0.8439224554572342,0.0036795136694619756,0.22984244670991658,0.0
resnet_clean,HYP,0.9028978913689997,0.006376177841857486,0.6797462385774624,0.012800733356163992,0.12140871177015755,0.0
resnet_clean,MI,0.9327344338911502,0.004244339015821016,0.846737327434881,0.00502741789839677,0.2548656163113994,0.0
resnet_clean,NORM,0.9466193366557031,0.00025019353752654466,0.9254367591196374,0.0033530800777041296,0.4462465245597776,0.0
resnet_clean,STTC,0.9342761812860081,0.001427967541466161,0.8243259836600229,0.006842643512456069,0.24142724745134383,0.0
tx_full,CD,0.9170827510578006,0.004332071293545894,0.8369543513969834,0.005084915297878855,0.22984244670991658,0.0
tx_full,HYP,0.8932921591994932,0.005789774956196777,0.6455858432757802,0.01330365753449997,0.12140871177015755,0.0
tx_full,MI,0.9159516809889944,0.0035700946379460478,0.8119599233874295,0.003202052902911035,0.2548656163113994,0.0
tx_full,NORM,0.9429684954183449,0.0008843262609597976,0.9225511884345138,0.000700785932456544,0.4462465245597776,0.0
tx_full,STTC,0.9325627650098823,0.003302050942299876,0.8175433444834518,0.01054988764380385,0.24142724745134383,0.0
