config,detector,auroc_all,auprc_all,auroc_dropout,auroc_noise,auroc_noise_sigma_0-0.05,auroc_noise_sigma_0.05-0.15,auroc_noise_sigma_0.15-0.26
cnn_full,learned_head,0.5902878611435658,0.6220427688269871,0.8054140589730148,0.5060026975531059,0.49953823203611586,0.5046550210735615,0.5108321677003326
cnn_full,learned_head_clean_mean_intact,0.51813276608785,,,,,,
cnn_full,rule_combined,0.6492047218976755,0.6933911862480512,0.9284512347634234,0.5397976006059465,0.49710398988421184,0.514559726218731,0.5888608937715193
cnn_full,rule_hf,0.4189491798364286,0.5235447404332998,0.0008966506837345322,0.582739671950155,0.49958003281361024,0.5530037701371533,0.6578960255363291
cnn_full,rule_variance,0.6258858842700775,0.7257100742078787,0.9967294606579579,0.48059157879871967,0.5016850938427455,0.4949867152548781,0.4543271883552573
cnn_full_leadwise_cleanfrac20,learned_head,0.8893372170038535,0.9201864793148106,0.9992628600710676,0.8462690044747037,0.5434633381055888,0.8691592629154327,0.9820991417998292
cnn_full_leadwise_cleanfrac20,learned_head_clean_mean_intact,0.7802541454633077,,,,,,
cnn_full_leadwise_cleanfrac20,rule_combined,0.6492047218976755,0.6933911862480512,0.9284512347634234,0.5397976006059465,0.49710398988421184,0.514559726218731,0.5888608937715193
cnn_full_leadwise_cleanfrac20,rule_hf,0.4189491798364286,0.5235447404332998,0.0008966506837345322,0.582739671950155,0.49958003281361024,0.5530037701371533,0.6578960255363291
cnn_full_leadwise_cleanfrac20,rule_variance,0.6258858842700775,0.7257100742078787,0.9967294606579579,0.48059157879871967,0.5016850938427455,0.4949867152548781,0.4543271883552573
