B,A,condition,delta_auroc,ci_lo,ci_hi
cnn_full,cnn_diagonly_aug,bw|k=0|s=0.0|bw=0.25,-0.005014944587356962,-0.008366164098402172,-0.0021583949504463728
cnn_full,cnn_diagonly_aug,bw|k=0|s=0.0|bw=0.5,-0.005816425536200061,-0.009093516775824775,-0.0029184578502861394
cnn_full,cnn_diagonly_aug,bw|k=0|s=0.0|bw=1.0,-0.007962313806024524,-0.013113466372368083,-0.004234956660920779
cnn_full,cnn_diagonly_aug,joint|k=0|s=0.0|bw=0.0,-0.0049000459041962,-0.008117527434840252,-0.0018834545376171458
cnn_full,cnn_diagonly_aug,joint|k=0|s=0.1|bw=0.0,-0.004856057180392799,-0.008150392494555597,-0.00192604714365586
cnn_full,cnn_diagonly_aug,joint|k=0|s=0.25|bw=0.0,-0.00481277481585322,-0.0084305378875561,-0.001768332005997849
cnn_full,cnn_diagonly_aug,joint|k=2|s=0.0|bw=0.0,-0.0055046285197904625,-0.008216135231856563,-0.002811405232285018
cnn_full,cnn_diagonly_aug,joint|k=2|s=0.1|bw=0.0,-0.005556111463489111,-0.008732784343769949,-0.002665172606433003
cnn_full,cnn_diagonly_aug,joint|k=2|s=0.25|bw=0.0,-0.0059255200001484916,-0.008644650420469207,-0.0033363017661477844
cnn_full,cnn_diagonly_aug,joint|k=4|s=0.0|bw=0.0,-0.007054570442900736,-0.010318473505786123,-0.004129340605067563
cnn_full,cnn_diagonly_aug,joint|k=4|s=0.1|bw=0.0,-0.007576918225551658,-0.010912879770991339,-0.004677901739563335
cnn_full,cnn_diagonly_aug,joint|k=4|s=0.25|bw=0.0,-0.006844516160505076,-0.010030517056065447,-0.003998482665141888
cnn_full,cnn_diagonly_aug,joint|k=6|s=0.0|bw=0.0,-0.008257546819606998,-0.011935396853433377,-0.004907310847004907
cnn_full,cnn_diagonly_aug,joint|k=6|s=0.1|bw=0.0,-0.00893239686296384,-0.012292842197250301,-0.005857886467397733
cnn_full,cnn_diagonly_aug,joint|k=6|s=0.25|bw=0.0,-0.00651530097742951,-0.01037987619489122,-0.0034133185661237883
cnn_full,cnn_diagonly_aug,joint|k=8|s=0.0|bw=0.0,-0.008790336860022544,-0.012816428215451411,-0.005499678519678509
cnn_full,cnn_diagonly_aug,joint|k=8|s=0.1|bw=0.0,-0.009779407817222863,-0.014858356095282826,-0.005975878406129335
cnn_full,cnn_diagonly_aug,joint|k=8|s=0.25|bw=0.0,-0.009748582929220798,-0.014360635575815973,-0.005931410315736719
cnn_full,cnn_diagonly_aug,missing|k=0|s=0.0|bw=0.0,-0.0049000459041962,-0.008117527434840252,-0.0018834545376171458
cnn_full,cnn_diagonly_aug,missing|k=10|s=0.0|bw=0.0,-0.012370771465850638,-0.020154815774865296,-0.005749540342168134
cnn_full,cnn_diagonly_aug,missing|k=12|s=0.0|bw=0.0,0.0013614551444940763,-0.004126077676986902,0.006306907978721252
cnn_full,cnn_diagonly_aug,missing|k=1|s=0.0|bw=0.0,-0.00530830247414793,-0.008681310384441412,-0.002284946624856379
cnn_full,cnn_diagonly_aug,missing|k=2|s=0.0|bw=0.0,-0.005997347265093822,-0.009212932760924698,-0.0034440564175650936
cnn_full,cnn_diagonly_aug,missing|k=3|s=0.0|bw=0.0,-0.0066493166599494264,-0.009554820351256812,-0.0036747107874317794
cnn_full,cnn_diagonly_aug,missing|k=4|s=0.0|bw=0.0,-0.006376613386975667,-0.009402966895025039,-0.003646035671093047
cnn_full,cnn_diagonly_aug,missing|k=6|s=0.0|bw=0.0,-0.00802107938381528,-0.011321455331925573,-0.005137908360008906
cnn_full,cnn_diagonly_aug,missing|k=8|s=0.0|bw=0.0,-0.006455715881657202,-0.010396857660765741,-0.0028715185157329394
cnn_full,cnn_diagonly_aug,noise|k=0|s=0.05|bw=0.0,-0.0048883579042773295,-0.008132496696480189,-0.001890399606607157
cnn_full,cnn_diagonly_aug,noise|k=0|s=0.15|bw=0.0,-0.005098677665403321,-0.008283292917471171,-0.0020627208671759345
cnn_full,cnn_diagonly_aug,noise|k=0|s=0.1|bw=0.0,-0.004881445821681633,-0.008253275457037508,-0.0019091341384495186
cnn_full,cnn_diagonly_aug,noise|k=0|s=0.25|bw=0.0,-0.004812027107662671,-0.008128609817636098,-0.001748424462434982
cnn_full,cnn_diagonly_aug,noise|k=0|s=0.2|bw=0.0,-0.005138387607265334,-0.008429651462308698,-0.002124413544086468
cnn_full,cnn_diagonly_aug,noise|k=0|s=0.5|bw=0.0,0.011104319993659795,0.004434266712541571,0.017529862948262084
cnn_full_leadwise_cleanfrac20,cnn_diagonly_aug,bw|k=0|s=0.0|bw=0.25,-0.0036023296916132264,-0.008575226707072746,0.00016310316101628543
cnn_full_leadwise_cleanfrac20,cnn_diagonly_aug,bw|k=0|s=0.0|bw=0.5,-0.0046586087853991804,-0.009451932897111145,-0.0008354577335057843
cnn_full_leadwise_cleanfrac20,cnn_diagonly_aug,bw|k=0|s=0.0|bw=1.0,-0.00976495889178619,-0.016186047904519288,-0.004605522527522052
cnn_full_leadwise_cleanfrac20,cnn_diagonly_aug,joint|k=0|s=0.0|bw=0.0,-0.003158132262701452,-0.008021037781239552,0.0005458374296685635
cnn_full_leadwise_cleanfrac20,cnn_diagonly_aug,joint|k=0|s=0.1|bw=0.0,-0.003227280728278159,-0.008189702394310078,0.0005813330095855903
cnn_full_leadwise_cleanfrac20,cnn_diagonly_aug,joint|k=0|s=0.25|bw=0.0,-0.00347792757634661,-0.00864515669145843,0.00042612204861127665
cnn_full_leadwise_cleanfrac20,cnn_diagonly_aug,joint|k=2|s=0.0|bw=0.0,-0.0037455246038240833,-0.00668349466118783,-0.00033948271941002054
cnn_full_leadwise_cleanfrac20,cnn_diagonly_aug,joint|k=2|s=0.1|bw=0.0,-0.003982277119426299,-0.008722996046108843,8.947962026308514e-05
cnn_full_leadwise_cleanfrac20,cnn_diagonly_aug,joint|k=2|s=0.25|bw=0.0,-0.00421705024301855,-0.007822834137878001,-0.0010877231913833739
cnn_full_leadwise_cleanfrac20,cnn_diagonly_aug,joint|k=4|s=0.0|bw=0.0,-0.003936698738995825,-0.0068541964082046766,-0.00047630485810807113
cnn_full_leadwise_cleanfrac20,cnn_diagonly_aug,joint|k=4|s=0.1|bw=0.0,-0.005490975764317563,-0.009122135998179069,-0.0015758946472930872
cnn_full_leadwise_cleanfrac20,cnn_diagonly_aug,joint|k=4|s=0.25|bw=0.0,-0.005537486712326493,-0.00898997149716128,-0.0015825044768875867
cnn_full_leadwise_cleanfrac20,cnn_diagonly_aug,joint|k=6|s=0.0|bw=0.0,-0.004936796667208847,-0.008491463087227213,-0.001395237095407956
cnn_full_leadwise_cleanfrac20,cnn_diagonly_aug,joint|k=6|s=0.1|bw=0.0,-0.0055974931880465135,-0.009096901641979805,-0.0017919233720967678
cnn_full_leadwise_cleanfrac20,cnn_diagonly_aug,joint|k=6|s=0.25|bw=0.0,-0.0054788280988143185,-0.009561641619367987,-0.0016566285520288296
cnn_full_leadwise_cleanfrac20,cnn_diagonly_aug,joint|k=8|s=0.0|bw=0.0,-0.007155627481048403,-0.011143961997699636,-0.0029742295033125996
cnn_full_leadwise_cleanfrac20,cnn_diagonly_aug,joint|k=8|s=0.1|bw=0.0,-0.006258505623359649,-0.010987864019432353,-0.002417802176208864
cnn_full_leadwise_cleanfrac20,cnn_diagonly_aug,joint|k=8|s=0.25|bw=0.0,-0.0071997041475230965,-0.012343328345547548,-0.002518119006359029
cnn_full_leadwise_cleanfrac20,cnn_diagonly_aug,missing|k=0|s=0.0|bw=0.0,-0.003158132262701452,-0.008021037781239552,0.0005458374296685635
cnn_full_leadwise_cleanfrac20,cnn_diagonly_aug,missing|k=10|s=0.0|bw=0.0,-0.01355015266546041,-0.021222639753018743,-0.0067955874753302375
cnn_full_leadwise_cleanfrac20,cnn_diagonly_aug,missing|k=12|s=0.0|bw=0.0,-0.0018023903372749912,-0.00505802216259392,0.0012751966929502629
cnn_full_leadwise_cleanfrac20,cnn_diagonly_aug,missing|k=1|s=0.0|bw=0.0,-0.0036616480498460335,-0.008207025313402614,-0.00011108937107499965
cnn_full_leadwise_cleanfrac20,cnn_diagonly_aug,missing|k=2|s=0.0|bw=0.0,-0.004166722874184625,-0.007551017899020687,-0.000605737546259969
cnn_full_leadwise_cleanfrac20,cnn_diagonly_aug,missing|k=3|s=0.0|bw=0.0,-0.004535539646308114,-0.008159579312231246,-0.0007240794991907215
cnn_full_leadwise_cleanfrac20,cnn_diagonly_aug,missing|k=4|s=0.0|bw=0.0,-0.004796108631007767,-0.008123657963692788,-0.0012621927452638583
cnn_full_leadwise_cleanfrac20,cnn_diagonly_aug,missing|k=6|s=0.0|bw=0.0,-0.005201537443236555,-0.008522886272482641,-0.001738810115131569
cnn_full_leadwise_cleanfrac20,cnn_diagonly_aug,missing|k=8|s=0.0|bw=0.0,-0.005648264976501134,-0.009748047386205895,-0.0013789269145613647
cnn_full_leadwise_cleanfrac20,cnn_diagonly_aug,noise|k=0|s=0.05|bw=0.0,-0.003199187876978519,-0.008163055886876653,0.0006213288227338923
cnn_full_leadwise_cleanfrac20,cnn_diagonly_aug,noise|k=0|s=0.15|bw=0.0,-0.003401342001354335,-0.008422262252467637,0.00047031023420109736
cnn_full_leadwise_cleanfrac20,cnn_diagonly_aug,noise|k=0|s=0.1|bw=0.0,-0.0032730412812158236,-0.008255764023604052,0.0006505030199241156
cnn_full_leadwise_cleanfrac20,cnn_diagonly_aug,noise|k=0|s=0.25|bw=0.0,-0.0032847053687065455,-0.008139685377918737,0.0006832608116537083
cnn_full_leadwise_cleanfrac20,cnn_diagonly_aug,noise|k=0|s=0.2|bw=0.0,-0.0036166916143517782,-0.008780302033755988,0.0004407184324564756
cnn_full_leadwise_cleanfrac20,cnn_diagonly_aug,noise|k=0|s=0.5|bw=0.0,0.01122341560520427,0.004086765914896126,0.018127798881724527
