config,seed,condition,auroc,n_realizations
cnn_diagonly_aug,0,missing|k=0|s=0.0|bw=0.0,0.9771314426803113,5
cnn_diagonly_aug,0,missing|k=1|s=0.0|bw=0.0,0.9766387320654427,5
cnn_diagonly_aug,0,missing|k=2|s=0.0|bw=0.0,0.9744577134002155,5
cnn_diagonly_aug,0,missing|k=3|s=0.0|bw=0.0,0.9725437452915331,5
cnn_diagonly_aug,0,missing|k=4|s=0.0|bw=0.0,0.9702967394195834,5
cnn_diagonly_aug,0,missing|k=6|s=0.0|bw=0.0,0.9617955655618033,5
cnn_diagonly_aug,0,missing|k=8|s=0.0|bw=0.0,0.9385829803613015,5
cnn_diagonly_aug,0,missing|k=10|s=0.0|bw=0.0,0.8440736469195294,5
cnn_diagonly_aug,0,missing|k=12|s=0.0|bw=0.0,0.5023297491039427,5
cnn_diagonly_aug,0,noise|k=0|s=0.05|bw=0.0,0.9772105583017533,5
cnn_diagonly_aug,0,noise|k=0|s=0.1|bw=0.0,0.9769188882606107,5
cnn_diagonly_aug,0,noise|k=0|s=0.15|bw=0.0,0.9767753395640847,5
cnn_diagonly_aug,0,noise|k=0|s=0.2|bw=0.0,0.9765208658004744,5
cnn_diagonly_aug,0,noise|k=0|s=0.25|bw=0.0,0.9757095476112869,5
cnn_diagonly_aug,0,noise|k=0|s=0.5|bw=0.0,0.9553677881064597,5
cnn_diagonly_aug,0,bw|k=0|s=0.0|bw=0.25,0.9771235842996916,5
cnn_diagonly_aug,0,bw|k=0|s=0.0|bw=0.5,0.9764138918037704,5
cnn_diagonly_aug,0,bw|k=0|s=0.0|bw=1.0,0.9688563147650754,5
cnn_diagonly_aug,0,joint|k=0|s=0.0|bw=0.0,0.9771314426803113,5
cnn_diagonly_aug,0,joint|k=0|s=0.1|bw=0.0,0.9770571868834947,5
cnn_diagonly_aug,0,joint|k=0|s=0.25|bw=0.0,0.9760530013461096,5
cnn_diagonly_aug,0,joint|k=2|s=0.0|bw=0.0,0.9750538061156548,5
cnn_diagonly_aug,0,joint|k=2|s=0.1|bw=0.0,0.9731298595956902,5
cnn_diagonly_aug,0,joint|k=2|s=0.25|bw=0.0,0.9728948105685955,5
cnn_diagonly_aug,0,joint|k=4|s=0.0|bw=0.0,0.9698377649270103,5
cnn_diagonly_aug,0,joint|k=4|s=0.1|bw=0.0,0.9684834060151367,5
cnn_diagonly_aug,0,joint|k=4|s=0.25|bw=0.0,0.9683816134986614,5
cnn_diagonly_aug,0,joint|k=6|s=0.0|bw=0.0,0.9590938566800759,5
cnn_diagonly_aug,0,joint|k=6|s=0.1|bw=0.0,0.9610565934959612,5
cnn_diagonly_aug,0,joint|k=6|s=0.25|bw=0.0,0.956717965703775,5
cnn_diagonly_aug,0,joint|k=8|s=0.0|bw=0.0,0.9403617887252878,5
cnn_diagonly_aug,0,joint|k=8|s=0.1|bw=0.0,0.9411892393694163,5
cnn_diagonly_aug,0,joint|k=8|s=0.25|bw=0.0,0.9318309758811104,5
cnn_diagonly_aug,1,missing|k=0|s=0.0|bw=0.0,0.9748353902582547,5
cnn_diagonly_aug,1,missing|k=1|s=0.0|bw=0.0,0.9752000103964733,5
cnn_diagonly_aug,1,missing|k=2|s=0.0|bw=0.0,0.973615130747546,5
cnn_diagonly_aug,1,missing|k=3|s=0.0|bw=0.0,0.9726206228668497,5
cnn_diagonly_aug,1,missing|k=4|s=0.0|bw=0.0,0.9712221117540828,5
cnn_diagonly_aug,1,missing|k=6|s=0.0|bw=0.0,0.9627417107271123,5
cnn_diagonly_aug,1,missing|k=8|s=0.0|bw=0.0,0.938119500216405,5
cnn_diagonly_aug,1,missing|k=10|s=0.0|bw=0.0,0.8367519653491053,5
cnn_diagonly_aug,1,missing|k=12|s=0.0|bw=0.0,0.5077345756928964,5
cnn_diagonly_aug,1,noise|k=0|s=0.05|bw=0.0,0.9747841486558911,5
cnn_diagonly_aug,1,noise|k=0|s=0.1|bw=0.0,0.9746634182293837,5
cnn_diagonly_aug,1,noise|k=0|s=0.15|bw=0.0,0.9744087257510087,5
cnn_diagonly_aug,1,noise|k=0|s=0.2|bw=0.0,0.9740391880035093,5
cnn_diagonly_aug,1,noise|k=0|s=0.25|bw=0.0,0.9732356447967027,5
cnn_diagonly_aug,1,noise|k=0|s=0.5|bw=0.0,0.9296725499283649,5
cnn_diagonly_aug,1,bw|k=0|s=0.0|bw=0.25,0.9749159971339347,5
cnn_diagonly_aug,1,bw|k=0|s=0.0|bw=0.5,0.9744539391940018,5
cnn_diagonly_aug,1,bw|k=0|s=0.0|bw=1.0,0.9682798831294377,5
cnn_diagonly_aug,1,joint|k=0|s=0.0|bw=0.0,0.9748353902582547,5
cnn_diagonly_aug,1,joint|k=0|s=0.1|bw=0.0,0.9743875944795672,5
cnn_diagonly_aug,1,joint|k=0|s=0.25|bw=0.0,0.9735547079087116,5
cnn_diagonly_aug,1,joint|k=2|s=0.0|bw=0.0,0.9749485767454285,5
cnn_diagonly_aug,1,joint|k=2|s=0.1|bw=0.0,0.9733146911184429,5
cnn_diagonly_aug,1,joint|k=2|s=0.25|bw=0.0,0.9719390354323101,5
cnn_diagonly_aug,1,joint|k=4|s=0.0|bw=0.0,0.9689554369637758,5
cnn_diagonly_aug,1,joint|k=4|s=0.1|bw=0.0,0.969904273496596,5
cnn_diagonly_aug,1,joint|k=4|s=0.25|bw=0.0,0.9698058261548766,5
cnn_diagonly_aug,1,joint|k=6|s=0.0|bw=0.0,0.9606836288030834,5
cnn_diagonly_aug,1,joint|k=6|s=0.1|bw=0.0,0.9618474014777212,5
cnn_diagonly_aug,1,joint|k=6|s=0.25|bw=0.0,0.9587532222750428,5
cnn_diagonly_aug,1,joint|k=8|s=0.0|bw=0.0,0.9396698416247213,5
cnn_diagonly_aug,1,joint|k=8|s=0.1|bw=0.0,0.9385138167240104,5
cnn_diagonly_aug,1,joint|k=8|s=0.25|bw=0.0,0.9347059880025389,5
cnn_diagonly_aug,2,missing|k=0|s=0.0|bw=0.0,0.9774974242855695,5
cnn_diagonly_aug,2,missing|k=1|s=0.0|bw=0.0,0.9762361379421145,5
cnn_diagonly_aug,2,missing|k=2|s=0.0|bw=0.0,0.9743868202523307,5
cnn_diagonly_aug,2,missing|k=3|s=0.0|bw=0.0,0.972723418216607,5
cnn_diagonly_aug,2,missing|k=4|s=0.0|bw=0.0,0.9711728521272498,5
cnn_diagonly_aug,2,missing|k=6|s=0.0|bw=0.0,0.9619226791313308,5
cnn_diagonly_aug,2,missing|k=8|s=0.0|bw=0.0,0.9427625155642234,5
cnn_diagonly_aug,2,missing|k=10|s=0.0|bw=0.0,0.8423817760248135,5
cnn_diagonly_aug,2,missing|k=12|s=0.0|bw=0.0,0.500388198757764,5
cnn_diagonly_aug,2,noise|k=0|s=0.05|bw=0.0,0.9774295384480212,5
cnn_diagonly_aug,2,noise|k=0|s=0.1|bw=0.0,0.9771516095997971,5
cnn_diagonly_aug,2,noise|k=0|s=0.15|bw=0.0,0.9771701233056895,5
cnn_diagonly_aug,2,noise|k=0|s=0.2|bw=0.0,0.9768023171988212,5
cnn_diagonly_aug,2,noise|k=0|s=0.25|bw=0.0,0.9756881281449962,5
cnn_diagonly_aug,2,noise|k=0|s=0.5|bw=0.0,0.9606535627202474,5
cnn_diagonly_aug,2,bw|k=0|s=0.0|bw=0.25,0.9773367210975055,5
cnn_diagonly_aug,2,bw|k=0|s=0.0|bw=0.5,0.9767053475750576,5
cnn_diagonly_aug,2,bw|k=0|s=0.0|bw=1.0,0.969607786860981,5
cnn_diagonly_aug,2,joint|k=0|s=0.0|bw=0.0,0.9774974242855695,5
cnn_diagonly_aug,2,joint|k=0|s=0.1|bw=0.0,0.9771958840026272,5
cnn_diagonly_aug,2,joint|k=0|s=0.25|bw=0.0,0.9760962820919025,5
cnn_diagonly_aug,2,joint|k=2|s=0.0|bw=0.0,0.9757720828821974,5
cnn_diagonly_aug,2,joint|k=2|s=0.1|bw=0.0,0.9738859408506487,5
cnn_diagonly_aug,2,joint|k=2|s=0.25|bw=0.0,0.9724354805084685,5
cnn_diagonly_aug,2,joint|k=4|s=0.0|bw=0.0,0.969566808480858,5
cnn_diagonly_aug,2,joint|k=4|s=0.1|bw=0.0,0.9695579949846362,5
cnn_diagonly_aug,2,joint|k=4|s=0.25|bw=0.0,0.9697703843011753,5
cnn_diagonly_aug,2,joint|k=6|s=0.0|bw=0.0,0.961089142776012,5
cnn_diagonly_aug,2,joint|k=6|s=0.1|bw=0.0,0.9623961745599484,5
cnn_diagonly_aug,2,joint|k=6|s=0.25|bw=0.0,0.9603682280695077,5
cnn_diagonly_aug,2,joint|k=8|s=0.0|bw=0.0,0.9427427224267466,5
cnn_diagonly_aug,2,joint|k=8|s=0.1|bw=0.0,0.9418413908258063,5
cnn_diagonly_aug,2,joint|k=8|s=0.25|bw=0.0,0.9361152774890581,5
cnn_diagonly_clean,0,missing|k=0|s=0.0|bw=0.0,0.9738293291584416,5
cnn_diagonly_clean,0,missing|k=1|s=0.0|bw=0.0,0.9678785348796488,5
cnn_diagonly_clean,0,missing|k=2|s=0.0|bw=0.0,0.959824502221036,5
cnn_diagonly_clean,0,missing|k=3|s=0.0|bw=0.0,0.9497926971930152,5
cnn_diagonly_clean,0,missing|k=4|s=0.0|bw=0.0,0.9377095717312963,5
cnn_diagonly_clean,0,missing|k=6|s=0.0|bw=0.0,0.8949607352520805,5
cnn_diagonly_clean,0,missing|k=8|s=0.0|bw=0.0,0.8151409034412129,5
cnn_diagonly_clean,0,missing|k=10|s=0.0|bw=0.0,0.6619596901864282,5
cnn_diagonly_clean,0,missing|k=12|s=0.0|bw=0.0,0.5045335161429187,5
cnn_diagonly_clean,0,noise|k=0|s=0.05|bw=0.0,0.9738452406024759,5
cnn_diagonly_clean,0,noise|k=0|s=0.1|bw=0.0,0.973740304516061,5
cnn_diagonly_clean,0,noise|k=0|s=0.15|bw=0.0,0.9739298000243839,5
cnn_diagonly_clean,0,noise|k=0|s=0.2|bw=0.0,0.9732817648245667,5
cnn_diagonly_clean,0,noise|k=0|s=0.25|bw=0.0,0.9728478360402784,5
cnn_diagonly_clean,0,noise|k=0|s=0.5|bw=0.0,0.9484159811876689,5
cnn_diagonly_clean,0,bw|k=0|s=0.0|bw=0.25,0.9741322292647642,5
cnn_diagonly_clean,0,bw|k=0|s=0.0|bw=0.5,0.9707547658672071,5
cnn_diagonly_clean,0,bw|k=0|s=0.0|bw=1.0,0.9315443207099161,5
cnn_diagonly_clean,0,joint|k=0|s=0.0|bw=0.0,0.9738293291584416,5
cnn_diagonly_clean,0,joint|k=0|s=0.1|bw=0.0,0.9737097001976407,5
cnn_diagonly_clean,0,joint|k=0|s=0.25|bw=0.0,0.9733627959150837,5
cnn_diagonly_clean,0,joint|k=2|s=0.0|bw=0.0,0.9633609103714782,5
cnn_diagonly_clean,0,joint|k=2|s=0.1|bw=0.0,0.9604263555585444,5
cnn_diagonly_clean,0,joint|k=2|s=0.25|bw=0.0,0.9584030873398838,5
cnn_diagonly_clean,0,joint|k=4|s=0.0|bw=0.0,0.9367422370585752,5
cnn_diagonly_clean,0,joint|k=4|s=0.1|bw=0.0,0.9367918925897769,5
cnn_diagonly_clean,0,joint|k=4|s=0.25|bw=0.0,0.9338500772080458,5
cnn_diagonly_clean,0,joint|k=6|s=0.0|bw=0.0,0.8954705055349317,5
cnn_diagonly_clean,0,joint|k=6|s=0.1|bw=0.0,0.8934860722936955,5
cnn_diagonly_clean,0,joint|k=6|s=0.25|bw=0.0,0.8810748053157325,5
cnn_diagonly_clean,0,joint|k=8|s=0.0|bw=0.0,0.812650827216338,5
cnn_diagonly_clean,0,joint|k=8|s=0.1|bw=0.0,0.8125317196828264,5
cnn_diagonly_clean,0,joint|k=8|s=0.25|bw=0.0,0.8083747789135662,5
cnn_diagonly_clean,1,missing|k=0|s=0.0|bw=0.0,0.9713638435929178,5
cnn_diagonly_clean,1,missing|k=1|s=0.0|bw=0.0,0.96644213390506,5
cnn_diagonly_clean,1,missing|k=2|s=0.0|bw=0.0,0.9590644118867273,5
cnn_diagonly_clean,1,missing|k=3|s=0.0|bw=0.0,0.9502243780614844,5
cnn_diagonly_clean,1,missing|k=4|s=0.0|bw=0.0,0.9399673791633155,5
cnn_diagonly_clean,1,missing|k=6|s=0.0|bw=0.0,0.8981545208792825,5
cnn_diagonly_clean,1,missing|k=8|s=0.0|bw=0.0,0.8317841074971503,5
cnn_diagonly_clean,1,missing|k=10|s=0.0|bw=0.0,0.68780583584786,5
cnn_diagonly_clean,1,missing|k=12|s=0.0|bw=0.0,0.5028565269124086,5
cnn_diagonly_clean,1,noise|k=0|s=0.05|bw=0.0,0.9713492064948015,5
cnn_diagonly_clean,1,noise|k=0|s=0.1|bw=0.0,0.9713293214296768,5
cnn_diagonly_clean,1,noise|k=0|s=0.15|bw=0.0,0.9711674399388601,5
cnn_diagonly_clean,1,noise|k=0|s=0.2|bw=0.0,0.9708939446264353,5
cnn_diagonly_clean,1,noise|k=0|s=0.25|bw=0.0,0.9703175788714755,5
cnn_diagonly_clean,1,noise|k=0|s=0.5|bw=0.0,0.9603983473156761,5
cnn_diagonly_clean,1,bw|k=0|s=0.0|bw=0.25,0.9716009528821731,5
cnn_diagonly_clean,1,bw|k=0|s=0.0|bw=0.5,0.9692667629014613,5
cnn_diagonly_clean,1,bw|k=0|s=0.0|bw=1.0,0.9482247178634976,5
cnn_diagonly_clean,1,joint|k=0|s=0.0|bw=0.0,0.9713638435929178,5
cnn_diagonly_clean,1,joint|k=0|s=0.1|bw=0.0,0.9713839538101148,5
cnn_diagonly_clean,1,joint|k=0|s=0.25|bw=0.0,0.9708086766301584,5
cnn_diagonly_clean,1,joint|k=2|s=0.0|bw=0.0,0.9624327873286951,5
cnn_diagonly_clean,1,joint|k=2|s=0.1|bw=0.0,0.9596409002108679,5
cnn_diagonly_clean,1,joint|k=2|s=0.25|bw=0.0,0.9569935368021018,5
cnn_diagonly_clean,1,joint|k=4|s=0.0|bw=0.0,0.9404923932346639,5
cnn_diagonly_clean,1,joint|k=4|s=0.1|bw=0.0,0.9397169325081229,5
cnn_diagonly_clean,1,joint|k=4|s=0.25|bw=0.0,0.9361735866488333,5
cnn_diagonly_clean,1,joint|k=6|s=0.0|bw=0.0,0.9053239238853678,5
cnn_diagonly_clean,1,joint|k=6|s=0.1|bw=0.0,0.9029085530380725,5
cnn_diagonly_clean,1,joint|k=6|s=0.25|bw=0.0,0.8916418674891133,5
cnn_diagonly_clean,1,joint|k=8|s=0.0|bw=0.0,0.8284633062521252,5
cnn_diagonly_clean,1,joint|k=8|s=0.1|bw=0.0,0.831767348883138,5
cnn_diagonly_clean,1,joint|k=8|s=0.25|bw=0.0,0.8273909241123831,5
cnn_diagonly_clean,2,missing|k=0|s=0.0|bw=0.0,0.9729185533459457,5
cnn_diagonly_clean,2,missing|k=1|s=0.0|bw=0.0,0.9676173708173895,5
cnn_diagonly_clean,2,missing|k=2|s=0.0|bw=0.0,0.9597478582386009,5
cnn_diagonly_clean,2,missing|k=3|s=0.0|bw=0.0,0.951711977015702,5
cnn_diagonly_clean,2,missing|k=4|s=0.0|bw=0.0,0.9404501153713181,5
cnn_diagonly_clean,2,missing|k=6|s=0.0|bw=0.0,0.8930705838307984,5
cnn_diagonly_clean,2,missing|k=8|s=0.0|bw=0.0,0.8178979414171623,5
cnn_diagonly_clean,2,missing|k=10|s=0.0|bw=0.0,0.6645785173958313,5
cnn_diagonly_clean,2,missing|k=12|s=0.0|bw=0.0,0.5,5
cnn_diagonly_clean,2,noise|k=0|s=0.05|bw=0.0,0.972985022442874,5
cnn_diagonly_clean,2,noise|k=0|s=0.1|bw=0.0,0.9730519163408589,5
cnn_diagonly_clean,2,noise|k=0|s=0.15|bw=0.0,0.9732261038825408,5
cnn_diagonly_clean,2,noise|k=0|s=0.2|bw=0.0,0.9726186069017405,5
cnn_diagonly_clean,2,noise|k=0|s=0.25|bw=0.0,0.9721402773361836,5
cnn_diagonly_clean,2,noise|k=0|s=0.5|bw=0.0,0.9431284845123326,5
cnn_diagonly_clean,2,bw|k=0|s=0.0|bw=0.25,0.9730970819788392,5
cnn_diagonly_clean,2,bw|k=0|s=0.0|bw=0.5,0.9673580535444366,5
cnn_diagonly_clean,2,bw|k=0|s=0.0|bw=1.0,0.908875756295217,5
cnn_diagonly_clean,2,joint|k=0|s=0.0|bw=0.0,0.9729185533459457,5
cnn_diagonly_clean,2,joint|k=0|s=0.1|bw=0.0,0.9731839069994903,5
cnn_diagonly_clean,2,joint|k=0|s=0.25|bw=0.0,0.97254863778598,5
cnn_diagonly_clean,2,joint|k=2|s=0.0|bw=0.0,0.966029197004125,5
cnn_diagonly_clean,2,joint|k=2|s=0.1|bw=0.0,0.9601412893233123,5
cnn_diagonly_clean,2,joint|k=2|s=0.25|bw=0.0,0.9567556699462264,5
cnn_diagonly_clean,2,joint|k=4|s=0.0|bw=0.0,0.9402214728636575,5
cnn_diagonly_clean,2,joint|k=4|s=0.1|bw=0.0,0.9399532569784856,5
cnn_diagonly_clean,2,joint|k=4|s=0.25|bw=0.0,0.9347537893738533,5
cnn_diagonly_clean,2,joint|k=6|s=0.0|bw=0.0,0.8906760186345289,5
cnn_diagonly_clean,2,joint|k=6|s=0.1|bw=0.0,0.8918737022482153,5
cnn_diagonly_clean,2,joint|k=6|s=0.25|bw=0.0,0.8812537012552226,5
cnn_diagonly_clean,2,joint|k=8|s=0.0|bw=0.0,0.807678180176287,5
cnn_diagonly_clean,2,joint|k=8|s=0.1|bw=0.0,0.8108584053464603,5
cnn_diagonly_clean,2,joint|k=8|s=0.25|bw=0.0,0.8027678929643647,5
cnn_full_leadwise_cleanfrac20,0,missing|k=0|s=0.0|bw=0.0,0.9736238162184776,5
cnn_full_leadwise_cleanfrac20,0,missing|k=1|s=0.0|bw=0.0,0.9722885143191042,5
cnn_full_leadwise_cleanfrac20,0,missing|k=2|s=0.0|bw=0.0,0.9697116325167808,5
cnn_full_leadwise_cleanfrac20,0,missing|k=3|s=0.0|bw=0.0,0.9679130550852225,5
cnn_full_leadwise_cleanfrac20,0,missing|k=4|s=0.0|bw=0.0,0.9661752977365445,5
cnn_full_leadwise_cleanfrac20,0,missing|k=6|s=0.0|bw=0.0,0.9558564363068903,5
cnn_full_leadwise_cleanfrac20,0,missing|k=8|s=0.0|bw=0.0,0.9298431628846477,5
cnn_full_leadwise_cleanfrac20,0,missing|k=10|s=0.0|bw=0.0,0.8135665177014267,5
cnn_full_leadwise_cleanfrac20,0,missing|k=12|s=0.0|bw=0.0,0.49485739010384366,5
cnn_full_leadwise_cleanfrac20,0,noise|k=0|s=0.05|bw=0.0,0.9736278186589052,5
cnn_full_leadwise_cleanfrac20,0,noise|k=0|s=0.1|bw=0.0,0.9735226915250624,5
cnn_full_leadwise_cleanfrac20,0,noise|k=0|s=0.15|bw=0.0,0.9734727589134204,5
cnn_full_leadwise_cleanfrac20,0,noise|k=0|s=0.2|bw=0.0,0.9729728069593738,5
cnn_full_leadwise_cleanfrac20,0,noise|k=0|s=0.25|bw=0.0,0.9725159377293415,5
cnn_full_leadwise_cleanfrac20,0,noise|k=0|s=0.5|bw=0.0,0.9663517542582163,5
cnn_full_leadwise_cleanfrac20,0,bw|k=0|s=0.0|bw=0.25,0.9733164982195206,5
cnn_full_leadwise_cleanfrac20,0,bw|k=0|s=0.0|bw=0.5,0.9718950590539395,5
cnn_full_leadwise_cleanfrac20,0,bw|k=0|s=0.0|bw=1.0,0.9623097430029898,5
cnn_full_leadwise_cleanfrac20,0,joint|k=0|s=0.0|bw=0.0,0.9736238162184776,5
cnn_full_leadwise_cleanfrac20,0,joint|k=0|s=0.1|bw=0.0,0.973475085525245,5
cnn_full_leadwise_cleanfrac20,0,joint|k=0|s=0.25|bw=0.0,0.9728269036439178,5
cnn_full_leadwise_cleanfrac20,0,joint|k=2|s=0.0|bw=0.0,0.9714135953104759,5
cnn_full_leadwise_cleanfrac20,0,joint|k=2|s=0.1|bw=0.0,0.9697536423686117,5
cnn_full_leadwise_cleanfrac20,0,joint|k=2|s=0.25|bw=0.0,0.96921663061432,5
cnn_full_leadwise_cleanfrac20,0,joint|k=4|s=0.0|bw=0.0,0.9659715446157164,5
cnn_full_leadwise_cleanfrac20,0,joint|k=4|s=0.1|bw=0.0,0.9643858900516715,5
cnn_full_leadwise_cleanfrac20,0,joint|k=4|s=0.25|bw=0.0,0.9647405074442925,5
cnn_full_leadwise_cleanfrac20,0,joint|k=6|s=0.0|bw=0.0,0.9529277014994679,5
cnn_full_leadwise_cleanfrac20,0,joint|k=6|s=0.1|bw=0.0,0.9555047542465968,5
cnn_full_leadwise_cleanfrac20,0,joint|k=6|s=0.25|bw=0.0,0.951811853738957,5
cnn_full_leadwise_cleanfrac20,0,joint|k=8|s=0.0|bw=0.0,0.9299600537821036,5
cnn_full_leadwise_cleanfrac20,0,joint|k=8|s=0.1|bw=0.0,0.9301971892443731,5
cnn_full_leadwise_cleanfrac20,0,joint|k=8|s=0.25|bw=0.0,0.9223329179579522,5
cnn_full_leadwise_cleanfrac20,1,missing|k=0|s=0.0|bw=0.0,0.9704956933685563,5
cnn_full_leadwise_cleanfrac20,1,missing|k=1|s=0.0|bw=0.0,0.9697310273858785,5
cnn_full_leadwise_cleanfrac20,1,missing|k=2|s=0.0|bw=0.0,0.9675565210681955,5
cnn_full_leadwise_cleanfrac20,1,missing|k=3|s=0.0|bw=0.0,0.9664806253418723,5
cnn_full_leadwise_cleanfrac20,1,missing|k=4|s=0.0|bw=0.0,0.9629809865073076,5
cnn_full_leadwise_cleanfrac20,1,missing|k=6|s=0.0|bw=0.0,0.9538487384076124,5
cnn_full_leadwise_cleanfrac20,1,missing|k=8|s=0.0|bw=0.0,0.9317843883908982,5
cnn_full_leadwise_cleanfrac20,1,missing|k=10|s=0.0|bw=0.0,0.8409407177155701,5
cnn_full_leadwise_cleanfrac20,1,missing|k=12|s=0.0|bw=0.0,0.5044898500227238,5
cnn_full_leadwise_cleanfrac20,1,noise|k=0|s=0.05|bw=0.0,0.9703774418235194,5
cnn_full_leadwise_cleanfrac20,1,noise|k=0|s=0.1|bw=0.0,0.9700803235984903,5
cnn_full_leadwise_cleanfrac20,1,noise|k=0|s=0.15|bw=0.0,0.9696719587787603,5
cnn_full_leadwise_cleanfrac20,1,noise|k=0|s=0.2|bw=0.0,0.9690367577598231,5
cnn_full_leadwise_cleanfrac20,1,noise|k=0|s=0.25|bw=0.0,0.9683974033023393,5
cnn_full_leadwise_cleanfrac20,1,noise|k=0|s=0.5|bw=0.0,0.9608678164132239,5
cnn_full_leadwise_cleanfrac20,1,bw|k=0|s=0.0|bw=0.25,0.9697616967865217,5
cnn_full_leadwise_cleanfrac20,1,bw|k=0|s=0.0|bw=0.5,0.9677371822108508,5
cnn_full_leadwise_cleanfrac20,1,bw|k=0|s=0.0|bw=1.0,0.952145326239395,5
cnn_full_leadwise_cleanfrac20,1,joint|k=0|s=0.0|bw=0.0,0.9704956933685563,5
cnn_full_leadwise_cleanfrac20,1,joint|k=0|s=0.1|bw=0.0,0.9700786397152834,5
cnn_full_leadwise_cleanfrac20,1,joint|k=0|s=0.25|bw=0.0,0.9686705330251536,5
cnn_full_leadwise_cleanfrac20,1,joint|k=2|s=0.0|bw=0.0,0.969026479281738,5
cnn_full_leadwise_cleanfrac20,1,joint|k=2|s=0.1|bw=0.0,0.9677420755474644,5
cnn_full_leadwise_cleanfrac20,1,joint|k=2|s=0.25|bw=0.0,0.9661850007575857,5
cnn_full_leadwise_cleanfrac20,1,joint|k=4|s=0.0|bw=0.0,0.9635218994335585,5
cnn_full_leadwise_cleanfrac20,1,joint|k=4|s=0.1|bw=0.0,0.9620144922129436,5
cnn_full_leadwise_cleanfrac20,1,joint|k=4|s=0.25|bw=0.0,0.9629051848696099,5
cnn_full_leadwise_cleanfrac20,1,joint|k=6|s=0.0|bw=0.0,0.9529646989317646,5
cnn_full_leadwise_cleanfrac20,1,joint|k=6|s=0.1|bw=0.0,0.9547253124220154,5
cnn_full_leadwise_cleanfrac20,1,joint|k=6|s=0.25|bw=0.0,0.9530185967560436,5
cnn_full_leadwise_cleanfrac20,1,joint|k=8|s=0.0|bw=0.0,0.9322812166335268,5
cnn_full_leadwise_cleanfrac20,1,joint|k=8|s=0.1|bw=0.0,0.9309100618645882,5
cnn_full_leadwise_cleanfrac20,1,joint|k=8|s=0.25|bw=0.0,0.9269166020017983,5
cnn_full_leadwise_cleanfrac20,2,missing|k=0|s=0.0|bw=0.0,0.9758703508489972,5
cnn_full_leadwise_cleanfrac20,2,missing|k=1|s=0.0|bw=0.0,0.9747658905807454,5
cnn_full_leadwise_cleanfrac20,2,missing|k=2|s=0.0|bw=0.0,0.972632712147439,5
cnn_full_leadwise_cleanfrac20,2,missing|k=3|s=0.0|bw=0.0,0.9703475297667522,5
cnn_full_leadwise_cleanfrac20,2,missing|k=4|s=0.0|bw=0.0,0.9679493989077121,5
cnn_full_leadwise_cleanfrac20,2,missing|k=6|s=0.0|bw=0.0,0.9575801490679459,5
cnn_full_leadwise_cleanfrac20,2,missing|k=8|s=0.0|bw=0.0,0.932618853095066,5
cnn_full_leadwise_cleanfrac20,2,missing|k=10|s=0.0|bw=0.0,0.8202885623296586,5
cnn_full_leadwise_cleanfrac20,2,missing|k=12|s=0.0|bw=0.0,0.5053099136584466,5
cnn_full_leadwise_cleanfrac20,2,noise|k=0|s=0.05|bw=0.0,0.9758143029911457,5
cnn_full_leadwise_cleanfrac20,2,noise|k=0|s=0.1|bw=0.0,0.9755862594004444,5
cnn_full_leadwise_cleanfrac20,2,noise|k=0|s=0.15|bw=0.0,0.9752437134465135,5
cnn_full_leadwise_cleanfrac20,2,noise|k=0|s=0.2|bw=0.0,0.9748525046112478,5
cnn_full_leadwise_cleanfrac20,2,noise|k=0|s=0.25|bw=0.0,0.9739788881062506,5
cnn_full_leadwise_cleanfrac20,2,noise|k=0|s=0.5|bw=0.0,0.9635093190982861,5
cnn_full_leadwise_cleanfrac20,2,bw|k=0|s=0.0|bw=0.25,0.9755185523699691,5
cnn_full_leadwise_cleanfrac20,2,bw|k=0|s=0.0|bw=0.5,0.9741581939055118,5
cnn_full_leadwise_cleanfrac20,2,bw|k=0|s=0.0|bw=1.0,0.9631021740781183,5
cnn_full_leadwise_cleanfrac20,2,joint|k=0|s=0.0|bw=0.0,0.9758703508489972,5
cnn_full_leadwise_cleanfrac20,2,joint|k=0|s=0.1|bw=0.0,0.9754460380584608,5
cnn_full_leadwise_cleanfrac20,2,joint|k=0|s=0.25|bw=0.0,0.9741973226499588,5
cnn_full_leadwise_cleanfrac20,2,joint|k=2|s=0.0|bw=0.0,0.9738246845803266,5
cnn_full_leadwise_cleanfrac20,2,joint|k=2|s=0.1|bw=0.0,0.9724966626709299,5
cnn_full_leadwise_cleanfrac20,2,joint|k=2|s=0.25|bw=0.0,0.9699232304555313,5
cnn_full_leadwise_cleanfrac20,2,joint|k=4|s=0.0|bw=0.0,0.9672477840136778,5
cnn_full_leadwise_cleanfrac20,2,joint|k=4|s=0.1|bw=0.0,0.9670995974764123,5
cnn_full_leadwise_cleanfrac20,2,joint|k=4|s=0.25|bw=0.0,0.9673549781289481,5
cnn_full_leadwise_cleanfrac20,2,joint|k=6|s=0.0|bw=0.0,0.9566175232976214,5
cnn_full_leadwise_cleanfrac20,2,joint|k=6|s=0.1|bw=0.0,0.9581633651040404,5
cnn_full_leadwise_cleanfrac20,2,joint|k=6|s=0.25|bw=0.0,0.954552133038244,5
cnn_full_leadwise_cleanfrac20,2,joint|k=8|s=0.0|bw=0.0,0.9304210769218683,5
cnn_full_leadwise_cleanfrac20,2,joint|k=8|s=0.1|bw=0.0,0.9311690366784061,5
cnn_full_leadwise_cleanfrac20,2,joint|k=8|s=0.25|bw=0.0,0.9261405123242425,5
cnn_full,0,missing|k=0|s=0.0|bw=0.0,0.9698167203136897,5
cnn_full,0,missing|k=1|s=0.0|bw=0.0,0.9686837844141042,5
cnn_full,0,missing|k=2|s=0.0|bw=0.0,0.965672592065691,5
cnn_full,0,missing|k=3|s=0.0|bw=0.0,0.9632259240053298,5
cnn_full,0,missing|k=4|s=0.0|bw=0.0,0.962361264484447,5
cnn_full,0,missing|k=6|s=0.0|bw=0.0,0.949025905123739,5
cnn_full,0,missing|k=8|s=0.0|bw=0.0,0.924234337565208,5
cnn_full,0,missing|k=10|s=0.0|bw=0.0,0.8087117748504916,5
cnn_full,0,missing|k=12|s=0.0|bw=0.0,0.5078582133349918,5
cnn_full,0,noise|k=0|s=0.05|bw=0.0,0.9698043908817839,5
cnn_full,0,noise|k=0|s=0.1|bw=0.0,0.9696893488671705,5
cnn_full,0,noise|k=0|s=0.15|bw=0.0,0.9694469061070705,5
cnn_full,0,noise|k=0|s=0.2|bw=0.0,0.9694095600854462,5
cnn_full,0,noise|k=0|s=0.25|bw=0.0,0.9690720197850373,5
cnn_full,0,noise|k=0|s=0.5|bw=0.0,0.9637398526132717,5
cnn_full,0,bw|k=0|s=0.0|bw=0.25,0.9697127903542228,5
cnn_full,0,bw|k=0|s=0.0|bw=0.5,0.968263843089024,5
cnn_full,0,bw|k=0|s=0.0|bw=1.0,0.9574800883921094,5
cnn_full,0,joint|k=0|s=0.0|bw=0.0,0.9698167203136897,5
cnn_full,0,joint|k=0|s=0.1|bw=0.0,0.9696498372780559,5
cnn_full,0,joint|k=0|s=0.25|bw=0.0,0.9693082633680937,5
cnn_full,0,joint|k=2|s=0.0|bw=0.0,0.9673119135245576,5
cnn_full,0,joint|k=2|s=0.1|bw=0.0,0.9656081573812317,5
cnn_full,0,joint|k=2|s=0.25|bw=0.0,0.9656205059454125,5
cnn_full,0,joint|k=4|s=0.0|bw=0.0,0.9597839784738706,5
cnn_full,0,joint|k=4|s=0.1|bw=0.0,0.9604456745410375,5
cnn_full,0,joint|k=4|s=0.25|bw=0.0,0.9609343818692059,5
cnn_full,0,joint|k=6|s=0.0|bw=0.0,0.949666563547235,5
cnn_full,0,joint|k=6|s=0.1|bw=0.0,0.9488931720821936,5
cnn_full,0,joint|k=6|s=0.25|bw=0.0,0.948738664506474,5
cnn_full,0,joint|k=8|s=0.0|bw=0.0,0.9232907234161173,5
cnn_full,0,joint|k=8|s=0.1|bw=0.0,0.9225980262516295,5
cnn_full,0,joint|k=8|s=0.25|bw=0.0,0.918540992469767,5
cnn_full,1,missing|k=0|s=0.0|bw=0.0,0.9709686667868649,5
cnn_full,1,missing|k=1|s=0.0|bw=0.0,0.9698451890878717,5
cnn_full,1,missing|k=2|s=0.0|bw=0.0,0.9676784849819018,5
cnn_full,1,missing|k=3|s=0.0|bw=0.0,0.9658149176117616,5
cnn_full,1,missing|k=4|s=0.0|bw=0.0,0.9631918328667158,5
cnn_full,1,missing|k=6|s=0.0|bw=0.0,0.9528161744609693,5
cnn_full,1,missing|k=8|s=0.0|bw=0.0,0.9324411641710919,5
cnn_full,1,missing|k=10|s=0.0|bw=0.0,0.8288562309059498,5
cnn_full,1,missing|k=12|s=0.0|bw=0.0,0.5020215218680792,5
cnn_full,1,noise|k=0|s=0.05|bw=0.0,0.97090362045181,5
cnn_full,1,noise|k=0|s=0.1|bw=0.0,0.9707553196802283,5
cnn_full,1,noise|k=0|s=0.15|bw=0.0,0.9701634292682272,5
cnn_full,1,noise|k=0|s=0.2|bw=0.0,0.9696111007280829,5
cnn_full,1,noise|k=0|s=0.25|bw=0.0,0.9686448121871247,5
cnn_full,1,noise|k=0|s=0.5|bw=0.0,0.9593377586420319,5
cnn_full,1,bw|k=0|s=0.0|bw=0.25,0.9707641805301728,5
cnn_full,1,bw|k=0|s=0.0|bw=0.5,0.9693659802296246,5
cnn_full,1,bw|k=0|s=0.0|bw=1.0,0.9602460836209403,5
cnn_full,1,joint|k=0|s=0.0|bw=0.0,0.9709686667868649,5
cnn_full,1,joint|k=0|s=0.1|bw=0.0,0.970486627298037,5
cnn_full,1,joint|k=0|s=0.25|bw=0.0,0.969059868193203,5
cnn_full,1,joint|k=2|s=0.0|bw=0.0,0.9686812907447285,5
cnn_full,1,joint|k=2|s=0.1|bw=0.0,0.9676694194151226,5
cnn_full,1,joint|k=2|s=0.25|bw=0.0,0.9644872014320865,5
cnn_full,1,joint|k=4|s=0.0|bw=0.0,0.9616848369958293,5
cnn_full,1,joint|k=4|s=0.1|bw=0.0,0.961424650341687,5
cnn_full,1,joint|k=4|s=0.25|bw=0.0,0.9615022238769007,5
cnn_full,1,joint|k=6|s=0.0|bw=0.0,0.9510743411219785,5
cnn_full,1,joint|k=6|s=0.1|bw=0.0,0.953460129625352,5
cnn_full,1,joint|k=6|s=0.25|bw=0.0,0.9492278946649041,5
cnn_full,1,joint|k=8|s=0.0|bw=0.0,0.9304476814421296,5
cnn_full,1,joint|k=8|s=0.1|bw=0.0,0.9289243436609917,5
cnn_full,1,joint|k=8|s=0.25|bw=0.0,0.9246577082871204,5
cnn_full,2,missing|k=0|s=0.0|bw=0.0,0.9739787324109923,5
cnn_full,2,missing|k=1|s=0.0|bw=0.0,0.9732175731032839,5
cnn_full,2,missing|k=2|s=0.0|bw=0.0,0.9719963575201833,5
cnn_full,2,missing|k=3|s=0.0|bw=0.0,0.969246204258716,5
cnn_full,2,missing|k=4|s=0.0|bw=0.0,0.9668542284555736,5
cnn_full,2,missing|k=6|s=0.0|bw=0.0,0.9571961938679786,5
cnn_full,2,missing|k=8|s=0.0|bw=0.0,0.935272871565512,5
cnn_full,2,missing|k=10|s=0.0|bw=0.0,0.8395112158521515,5
cnn_full,2,missing|k=12|s=0.0|bw=0.0,0.5046571537850142,5
cnn_full,2,noise|k=0|s=0.05|bw=0.0,0.9739807141558764,5
cnn_full,2,noise|k=0|s=0.1|bw=0.0,0.9738602141822916,5
cnn_full,2,noise|k=0|s=0.15|bw=0.0,0.9734478718426814,5
cnn_full,2,noise|k=0|s=0.2|bw=0.0,0.9733577303484706,5
cnn_full,2,noise|k=0|s=0.25|bw=0.0,0.9728172013262822,5
cnn_full,2,noise|k=0|s=0.5|bw=0.0,0.9675284049987074,5
cnn_full,2,bw|k=0|s=0.0|bw=0.25,0.9737497086801632,5
cnn_full,2,bw|k=0|s=0.0|bw=0.5,0.9725212096574264,5
cnn_full,2,bw|k=0|s=0.0|bw=1.0,0.9655852888777734,5
cnn_full,2,joint|k=0|s=0.0|bw=0.0,0.9739787324109923,5
cnn_full,2,joint|k=0|s=0.1|bw=0.0,0.97378897091144,5
cnn_full,2,joint|k=0|s=0.25|bw=0.0,0.9732390792409532,5
cnn_full,2,joint|k=2|s=0.0|bw=0.0,0.97210015659145,5
cnn_full,2,joint|k=2|s=0.1|bw=0.0,0.971174927470458,5
cnn_full,2,joint|k=2|s=0.25|bw=0.0,0.9697519769282351,5
cnn_full,2,joint|k=4|s=0.0|bw=0.0,0.9665512506183414,5
cnn_full,2,joint|k=4|s=0.1|bw=0.0,0.9662292167218786,5
cnn_full,2,joint|k=4|s=0.25|bw=0.0,0.9670866222372881,5
cnn_full,2,joint|k=6|s=0.0|bw=0.0,0.9559421972491602,5
cnn_full,2,joint|k=6|s=0.1|bw=0.0,0.9570897055212406,5
cnn_full,2,joint|k=6|s=0.25|bw=0.0,0.9566015305474501,5
cnn_full,2,joint|k=8|s=0.0|bw=0.0,0.935343630139068,5
cnn_full,2,joint|k=8|s=0.1|bw=0.0,0.9339627289311284,5
cnn_full,2,joint|k=8|s=0.25|bw=0.0,0.9284736179653577,5
