config,detector,0,12,6
cnn_diag_lead,learned_head,0.4998546479259915,0.5008849100559462,0.5009991431765327
cnn_full,learned_head,0.471827191668603,0.4990033196179932,0.493923464545297
cnn_full_cleanfrac20,learned_head,0.4857502888598046,0.498684161412894,0.49658244567027066
cnn_full_leadwise,learned_head,0.9195507424776346,0.7741486575994938,0.8604792032796822
cnn_full_leadwise_cleanfrac20,learned_head,0.9147181408340638,0.7750860571474215,0.8591767915446326
rule,hf_within_rec,0.34751196529914546,0.48520370959249526,0.4514107805843745
rule,logreg_val,0.46816761340806573,0.4999200934078325,0.5067418129047256
rule,rule_combined_prereg,0.3260785222599701,0.48035893447895317,0.4325959829738828
tx_full,learned_head,0.46751621865894627,0.49660173462143764,0.488853874883491
