config,seed,condition,family,macro_auroc
cnn_diag_lead,0,bw|snr=0|leads=1,bw,0.92382529892968
cnn_diag_lead,0,bw|snr=0|leads=3,bw,0.9232654701428515
cnn_diag_lead,0,bw|snr=0|leads=6,bw,0.9232656557195684
cnn_diag_lead,0,bw|snr=12|leads=1,bw,0.9242849413211818
cnn_diag_lead,0,bw|snr=12|leads=3,bw,0.9243109212839368
cnn_diag_lead,0,bw|snr=12|leads=6,bw,0.9241119176878339
cnn_diag_lead,0,bw|snr=6|leads=1,bw,0.9241856223550758
cnn_diag_lead,0,bw|snr=6|leads=3,bw,0.9242505222615062
cnn_diag_lead,0,bw|snr=6|leads=6,bw,0.9240557644219489
cnn_diag_lead,0,em|snr=0|leads=1,em,0.9214331232918394
cnn_diag_lead,0,em|snr=0|leads=3,em,0.9153755677486256
cnn_diag_lead,0,em|snr=0|leads=6,em,0.910864850530331
cnn_diag_lead,0,em|snr=12|leads=1,em,0.924303806824985
cnn_diag_lead,0,em|snr=12|leads=3,em,0.923945867178196
cnn_diag_lead,0,em|snr=12|leads=6,em,0.9234326283358689
cnn_diag_lead,0,em|snr=6|leads=1,em,0.9237067453260073
cnn_diag_lead,0,em|snr=6|leads=3,em,0.9231019230442119
cnn_diag_lead,0,em|snr=6|leads=6,em,0.9216276190118299
cnn_diag_lead,0,ma|snr=0|leads=1,ma,0.9236952409608505
cnn_diag_lead,0,ma|snr=0|leads=3,ma,0.9222090103079916
cnn_diag_lead,0,ma|snr=0|leads=6,ma,0.9200013487764398
cnn_diag_lead,0,ma|snr=12|leads=1,ma,0.9241899120445778
cnn_diag_lead,0,ma|snr=12|leads=3,ma,0.9242094615042993
cnn_diag_lead,0,ma|snr=12|leads=6,ma,0.9242666025548445
cnn_diag_lead,0,ma|snr=6|leads=1,ma,0.9239590433434046
cnn_diag_lead,0,ma|snr=6|leads=3,ma,0.9240668744488492
cnn_diag_lead,0,ma|snr=6|leads=6,ma,0.9235938689249981
cnn_diag_lead,1,bw|snr=0|leads=1,bw,0.9303755579776766
cnn_diag_lead,1,bw|snr=0|leads=3,bw,0.9297150975809535
cnn_diag_lead,1,bw|snr=0|leads=6,bw,0.9280168763581382
cnn_diag_lead,1,bw|snr=12|leads=1,bw,0.9310333965250072
cnn_diag_lead,1,bw|snr=12|leads=3,bw,0.9308860300712208
cnn_diag_lead,1,bw|snr=12|leads=6,bw,0.9308221280989046
cnn_diag_lead,1,bw|snr=6|leads=1,bw,0.9309107254601464
cnn_diag_lead,1,bw|snr=6|leads=3,bw,0.9312416374402579
cnn_diag_lead,1,bw|snr=6|leads=6,bw,0.930846664530784
cnn_diag_lead,1,em|snr=0|leads=1,em,0.9284234462174459
cnn_diag_lead,1,em|snr=0|leads=3,em,0.9228344236762519
cnn_diag_lead,1,em|snr=0|leads=6,em,0.915273122241047
cnn_diag_lead,1,em|snr=12|leads=1,em,0.931027509218659
cnn_diag_lead,1,em|snr=12|leads=3,em,0.9306252428046436
cnn_diag_lead,1,em|snr=12|leads=6,em,0.9297268214953901
cnn_diag_lead,1,em|snr=6|leads=1,em,0.9302961411255277
cnn_diag_lead,1,em|snr=6|leads=3,em,0.9292788558975824
cnn_diag_lead,1,em|snr=6|leads=6,em,0.9275452750021882
cnn_diag_lead,1,ma|snr=0|leads=1,ma,0.9305852825649126
cnn_diag_lead,1,ma|snr=0|leads=3,ma,0.9269627095780226
cnn_diag_lead,1,ma|snr=0|leads=6,ma,0.923535721963504
cnn_diag_lead,1,ma|snr=12|leads=1,ma,0.9309546799034099
cnn_diag_lead,1,ma|snr=12|leads=3,ma,0.9309204907598886
cnn_diag_lead,1,ma|snr=12|leads=6,ma,0.9304227240654317
cnn_diag_lead,1,ma|snr=6|leads=1,ma,0.9309675406114302
cnn_diag_lead,1,ma|snr=6|leads=3,ma,0.9302146952397117
cnn_diag_lead,1,ma|snr=6|leads=6,ma,0.9292292044255003
cnn_diag_lead,2,bw|snr=0|leads=1,bw,0.9298343117103045
cnn_diag_lead,2,bw|snr=0|leads=3,bw,0.9286056437212483
cnn_diag_lead,2,bw|snr=0|leads=6,bw,0.9271343029594453
cnn_diag_lead,2,bw|snr=12|leads=1,bw,0.9307260399645925
cnn_diag_lead,2,bw|snr=12|leads=3,bw,0.930804106172191
cnn_diag_lead,2,bw|snr=12|leads=6,bw,0.9305921969481089
cnn_diag_lead,2,bw|snr=6|leads=1,bw,0.9306413478642666
cnn_diag_lead,2,bw|snr=6|leads=3,bw,0.9306757588721075
cnn_diag_lead,2,bw|snr=6|leads=6,bw,0.9302504599068767
cnn_diag_lead,2,em|snr=0|leads=1,em,0.9278909281539368
cnn_diag_lead,2,em|snr=0|leads=3,em,0.9219208924825928
cnn_diag_lead,2,em|snr=0|leads=6,em,0.9150034669777419
cnn_diag_lead,2,em|snr=12|leads=1,em,0.9308179726459936
cnn_diag_lead,2,em|snr=12|leads=3,em,0.9306900516292063
cnn_diag_lead,2,em|snr=12|leads=6,em,0.9294856603950695
cnn_diag_lead,2,em|snr=6|leads=1,em,0.9301169487265412
cnn_diag_lead,2,em|snr=6|leads=3,em,0.9291286164957917
cnn_diag_lead,2,em|snr=6|leads=6,em,0.9270357716980648
cnn_diag_lead,2,ma|snr=0|leads=1,ma,0.9299883121752466
cnn_diag_lead,2,ma|snr=0|leads=3,ma,0.9266799113784236
cnn_diag_lead,2,ma|snr=0|leads=6,ma,0.9225797237316605
cnn_diag_lead,2,ma|snr=12|leads=1,ma,0.9308084323526128
cnn_diag_lead,2,ma|snr=12|leads=3,ma,0.9306840509688499
cnn_diag_lead,2,ma|snr=12|leads=6,ma,0.9304662280369398
cnn_diag_lead,2,ma|snr=6|leads=1,ma,0.9306624602294115
cnn_diag_lead,2,ma|snr=6|leads=3,ma,0.9299633161990745
cnn_diag_lead,2,ma|snr=6|leads=6,ma,0.9284028091415774
cnn_diag_rec,0,bw|snr=0|leads=1,bw,0.9234858044378452
cnn_diag_rec,0,bw|snr=0|leads=3,bw,0.9213132405742412
cnn_diag_rec,0,bw|snr=0|leads=6,bw,0.9206026851113744
cnn_diag_rec,0,bw|snr=12|leads=1,bw,0.923945905037266
cnn_diag_rec,0,bw|snr=12|leads=3,bw,0.923922643224907
cnn_diag_rec,0,bw|snr=12|leads=6,bw,0.9239916597559134
cnn_diag_rec,0,bw|snr=6|leads=1,bw,0.9237175435246006
cnn_diag_rec,0,bw|snr=6|leads=3,bw,0.9236589888926513
cnn_diag_rec,0,bw|snr=6|leads=6,bw,0.9235825983183924
cnn_diag_rec,0,em|snr=0|leads=1,em,0.922174406553087
cnn_diag_rec,0,em|snr=0|leads=3,em,0.9178547346499609
cnn_diag_rec,0,em|snr=0|leads=6,em,0.9138230262654755
cnn_diag_rec,0,em|snr=12|leads=1,em,0.9240011812934664
cnn_diag_rec,0,em|snr=12|leads=3,em,0.9238378603466572
cnn_diag_rec,0,em|snr=12|leads=6,em,0.9234482690310435
cnn_diag_rec,0,em|snr=6|leads=1,em,0.9235610603876998
cnn_diag_rec,0,em|snr=6|leads=3,em,0.9228596369430182
cnn_diag_rec,0,em|snr=6|leads=6,em,0.921967085804112
cnn_diag_rec,0,ma|snr=0|leads=1,ma,0.9236613367092616
cnn_diag_rec,0,ma|snr=0|leads=3,ma,0.9223933876354925
cnn_diag_rec,0,ma|snr=0|leads=6,ma,0.9202558570766449
cnn_diag_rec,0,ma|snr=12|leads=1,ma,0.9238894005749675
cnn_diag_rec,0,ma|snr=12|leads=3,ma,0.9239657531322937
cnn_diag_rec,0,ma|snr=12|leads=6,ma,0.9239427577835453
cnn_diag_rec,0,ma|snr=6|leads=1,ma,0.9238275890888566
cnn_diag_rec,0,ma|snr=6|leads=3,ma,0.9235511268458945
cnn_diag_rec,0,ma|snr=6|leads=6,ma,0.9228720156933197
cnn_diag_rec,1,bw|snr=0|leads=1,bw,0.9242907838411021
cnn_diag_rec,1,bw|snr=0|leads=3,bw,0.923792725419345
cnn_diag_rec,1,bw|snr=0|leads=6,bw,0.9219815273170969
cnn_diag_rec,1,bw|snr=12|leads=1,bw,0.9251873672839542
cnn_diag_rec,1,bw|snr=12|leads=3,bw,0.9253507801846294
cnn_diag_rec,1,bw|snr=12|leads=6,bw,0.9251012550624447
cnn_diag_rec,1,bw|snr=6|leads=1,bw,0.9252689906298471
cnn_diag_rec,1,bw|snr=6|leads=3,bw,0.9250237472377734
cnn_diag_rec,1,bw|snr=6|leads=6,bw,0.9252889334840722
cnn_diag_rec,1,em|snr=0|leads=1,em,0.9237398943565897
cnn_diag_rec,1,em|snr=0|leads=3,em,0.9173592615314756
cnn_diag_rec,1,em|snr=0|leads=6,em,0.9129474906828771
cnn_diag_rec,1,em|snr=12|leads=1,em,0.925322690292945
cnn_diag_rec,1,em|snr=12|leads=3,em,0.9248408599621465
cnn_diag_rec,1,em|snr=12|leads=6,em,0.9243747548601758
cnn_diag_rec,1,em|snr=6|leads=1,em,0.9243948434526479
cnn_diag_rec,1,em|snr=6|leads=3,em,0.9242226870940812
cnn_diag_rec,1,em|snr=6|leads=6,em,0.9227554947119009
cnn_diag_rec,1,ma|snr=0|leads=1,ma,0.9250562762805874
cnn_diag_rec,1,ma|snr=0|leads=3,ma,0.9242646829625132
cnn_diag_rec,1,ma|snr=0|leads=6,ma,0.9216512310950531
cnn_diag_rec,1,ma|snr=12|leads=1,ma,0.9251910895209958
cnn_diag_rec,1,ma|snr=12|leads=3,ma,0.9252644347199835
cnn_diag_rec,1,ma|snr=12|leads=6,ma,0.9250799858472805
cnn_diag_rec,1,ma|snr=6|leads=1,ma,0.9250033066704116
cnn_diag_rec,1,ma|snr=6|leads=3,ma,0.9248431584698338
cnn_diag_rec,1,ma|snr=6|leads=6,ma,0.9242167952289957
cnn_diag_rec,2,bw|snr=0|leads=1,bw,0.9263104055234257
cnn_diag_rec,2,bw|snr=0|leads=3,bw,0.9236785947300484
cnn_diag_rec,2,bw|snr=0|leads=6,bw,0.9230636921336194
cnn_diag_rec,2,bw|snr=12|leads=1,bw,0.927069135304707
cnn_diag_rec,2,bw|snr=12|leads=3,bw,0.9271151091400499
cnn_diag_rec,2,bw|snr=12|leads=6,bw,0.9269496891262736
cnn_diag_rec,2,bw|snr=6|leads=1,bw,0.9270878984373253
cnn_diag_rec,2,bw|snr=6|leads=3,bw,0.9268901620329733
cnn_diag_rec,2,bw|snr=6|leads=6,bw,0.9270872214547973
cnn_diag_rec,2,em|snr=0|leads=1,em,0.9242811503468603
cnn_diag_rec,2,em|snr=0|leads=3,em,0.9180833269111037
cnn_diag_rec,2,em|snr=0|leads=6,em,0.9154965505065695
cnn_diag_rec,2,em|snr=12|leads=1,em,0.9271575132426912
cnn_diag_rec,2,em|snr=12|leads=3,em,0.9269943406404119
cnn_diag_rec,2,em|snr=12|leads=6,em,0.9266054935699399
cnn_diag_rec,2,em|snr=6|leads=1,em,0.9263792672371205
cnn_diag_rec,2,em|snr=6|leads=3,em,0.9258928088996722
cnn_diag_rec,2,em|snr=6|leads=6,em,0.9246048234849965
cnn_diag_rec,2,ma|snr=0|leads=1,ma,0.9265207044274743
cnn_diag_rec,2,ma|snr=0|leads=3,ma,0.9248349280718606
cnn_diag_rec,2,ma|snr=0|leads=6,ma,0.9232279950133027
cnn_diag_rec,2,ma|snr=12|leads=1,ma,0.9271347432530996
cnn_diag_rec,2,ma|snr=12|leads=3,ma,0.9269800271707798
cnn_diag_rec,2,ma|snr=12|leads=6,ma,0.927037575265923
cnn_diag_rec,2,ma|snr=6|leads=1,ma,0.9267738830092178
cnn_diag_rec,2,ma|snr=6|leads=3,ma,0.9271043414981213
cnn_diag_rec,2,ma|snr=6|leads=6,ma,0.9259534990178147
cnn_diagonly_aug,0,bw|snr=0|leads=1,bw,0.9283668399043643
cnn_diagonly_aug,0,bw|snr=0|leads=3,bw,0.9271712346755419
cnn_diagonly_aug,0,bw|snr=0|leads=6,bw,0.9271373556699478
cnn_diagonly_aug,0,bw|snr=12|leads=1,bw,0.9286927136950341
cnn_diagonly_aug,0,bw|snr=12|leads=3,bw,0.9288331332602329
cnn_diagonly_aug,0,bw|snr=12|leads=6,bw,0.9284869756242029
cnn_diagonly_aug,0,bw|snr=6|leads=1,bw,0.9286832744742425
cnn_diagonly_aug,0,bw|snr=6|leads=3,bw,0.9288442129210862
cnn_diagonly_aug,0,bw|snr=6|leads=6,bw,0.9286720621451211
cnn_diagonly_aug,0,em|snr=0|leads=1,em,0.9254560488893414
cnn_diagonly_aug,0,em|snr=0|leads=3,em,0.9201991688078035
cnn_diagonly_aug,0,em|snr=0|leads=6,em,0.9130445248696916
cnn_diagonly_aug,0,em|snr=12|leads=1,em,0.9286687713494967
cnn_diagonly_aug,0,em|snr=12|leads=3,em,0.9286643460388595
cnn_diagonly_aug,0,em|snr=12|leads=6,em,0.9274371744280213
cnn_diagonly_aug,0,em|snr=6|leads=1,em,0.9282250673429591
cnn_diagonly_aug,0,em|snr=6|leads=3,em,0.927679049802071
cnn_diagonly_aug,0,em|snr=6|leads=6,em,0.9259348690099547
cnn_diagonly_aug,0,ma|snr=0|leads=1,ma,0.9285435734769731
cnn_diagonly_aug,0,ma|snr=0|leads=3,ma,0.9270228273391277
cnn_diagonly_aug,0,ma|snr=0|leads=6,ma,0.9253419110802479
cnn_diagonly_aug,0,ma|snr=12|leads=1,ma,0.9287402525884831
cnn_diagonly_aug,0,ma|snr=12|leads=3,ma,0.9287415633752903
cnn_diagonly_aug,0,ma|snr=12|leads=6,ma,0.9287621213076278
cnn_diagonly_aug,0,ma|snr=6|leads=1,ma,0.9285632507602806
cnn_diagonly_aug,0,ma|snr=6|leads=3,ma,0.9288254488508507
cnn_diagonly_aug,0,ma|snr=6|leads=6,ma,0.9280235676194911
cnn_diagonly_aug,1,bw|snr=0|leads=1,bw,0.9281840811347667
cnn_diagonly_aug,1,bw|snr=0|leads=3,bw,0.9272715929980411
cnn_diagonly_aug,1,bw|snr=0|leads=6,bw,0.9251384378338319
cnn_diagonly_aug,1,bw|snr=12|leads=1,bw,0.9286853537659414
cnn_diagonly_aug,1,bw|snr=12|leads=3,bw,0.9285774333434107
cnn_diagonly_aug,1,bw|snr=12|leads=6,bw,0.9284399563530353
cnn_diagonly_aug,1,bw|snr=6|leads=1,bw,0.9286261561396205
cnn_diagonly_aug,1,bw|snr=6|leads=3,bw,0.92864795083569
cnn_diagonly_aug,1,bw|snr=6|leads=6,bw,0.9287124834565097
cnn_diagonly_aug,1,em|snr=0|leads=1,em,0.9268176162430445
cnn_diagonly_aug,1,em|snr=0|leads=3,em,0.9219253392323281
cnn_diagonly_aug,1,em|snr=0|leads=6,em,0.9170924031866715
cnn_diagonly_aug,1,em|snr=12|leads=1,em,0.9286647465688969
cnn_diagonly_aug,1,em|snr=12|leads=3,em,0.9283230663397367
cnn_diagonly_aug,1,em|snr=12|leads=6,em,0.9276733257040253
cnn_diagonly_aug,1,em|snr=6|leads=1,em,0.9281866768293391
cnn_diagonly_aug,1,em|snr=6|leads=3,em,0.927392938644938
cnn_diagonly_aug,1,em|snr=6|leads=6,em,0.9258953115703464
cnn_diagonly_aug,1,ma|snr=0|leads=1,ma,0.9289120468705944
cnn_diagonly_aug,1,ma|snr=0|leads=3,ma,0.9270209429897477
cnn_diagonly_aug,1,ma|snr=0|leads=6,ma,0.9246617405405881
cnn_diagonly_aug,1,ma|snr=12|leads=1,ma,0.9284860569023834
cnn_diagonly_aug,1,ma|snr=12|leads=3,ma,0.9286627713471539
cnn_diagonly_aug,1,ma|snr=12|leads=6,ma,0.9285501624177664
cnn_diagonly_aug,1,ma|snr=6|leads=1,ma,0.928551714179895
cnn_diagonly_aug,1,ma|snr=6|leads=3,ma,0.928491262611922
cnn_diagonly_aug,1,ma|snr=6|leads=6,ma,0.9280435021174467
cnn_diagonly_aug,2,bw|snr=0|leads=1,bw,0.9287005619051563
cnn_diagonly_aug,2,bw|snr=0|leads=3,bw,0.9273491663733517
cnn_diagonly_aug,2,bw|snr=0|leads=6,bw,0.9251767206512284
cnn_diagonly_aug,2,bw|snr=12|leads=1,bw,0.9292198597065593
cnn_diagonly_aug,2,bw|snr=12|leads=3,bw,0.929195338324498
cnn_diagonly_aug,2,bw|snr=12|leads=6,bw,0.9291748586017853
cnn_diagonly_aug,2,bw|snr=6|leads=1,bw,0.9291771137094418
cnn_diagonly_aug,2,bw|snr=6|leads=3,bw,0.9291568670607001
cnn_diagonly_aug,2,bw|snr=6|leads=6,bw,0.9286426877924256
cnn_diagonly_aug,2,em|snr=0|leads=1,em,0.9263423482625213
cnn_diagonly_aug,2,em|snr=0|leads=3,em,0.9209759489987495
cnn_diagonly_aug,2,em|snr=0|leads=6,em,0.9142589930876952
cnn_diagonly_aug,2,em|snr=12|leads=1,em,0.9292342203951449
cnn_diagonly_aug,2,em|snr=12|leads=3,em,0.9290477785431015
cnn_diagonly_aug,2,em|snr=12|leads=6,em,0.9282353379900394
cnn_diagonly_aug,2,em|snr=6|leads=1,em,0.9287430133858917
cnn_diagonly_aug,2,em|snr=6|leads=3,em,0.9277488699421393
cnn_diagonly_aug,2,em|snr=6|leads=6,em,0.9257317946660398
cnn_diagonly_aug,2,ma|snr=0|leads=1,ma,0.9287446454786652
cnn_diagonly_aug,2,ma|snr=0|leads=3,ma,0.9269078090933058
cnn_diagonly_aug,2,ma|snr=0|leads=6,ma,0.9246469904360003
cnn_diagonly_aug,2,ma|snr=12|leads=1,ma,0.9291946978246106
cnn_diagonly_aug,2,ma|snr=12|leads=3,ma,0.9293270396996739
cnn_diagonly_aug,2,ma|snr=12|leads=6,ma,0.9289997706946502
cnn_diagonly_aug,2,ma|snr=6|leads=1,ma,0.9291386072523391
cnn_diagonly_aug,2,ma|snr=6|leads=3,ma,0.9287745929904301
cnn_diagonly_aug,2,ma|snr=6|leads=6,ma,0.9278314985135612
cnn_diagonly_clean,0,bw|snr=0|leads=1,bw,0.92683000051877
cnn_diagonly_clean,0,bw|snr=0|leads=3,bw,0.9243585297286785
cnn_diagonly_clean,0,bw|snr=0|leads=6,bw,0.9234288785838883
cnn_diagonly_clean,0,bw|snr=12|leads=1,bw,0.9276917679016113
cnn_diagonly_clean,0,bw|snr=12|leads=3,bw,0.9278511185507232
cnn_diagonly_clean,0,bw|snr=12|leads=6,bw,0.9273984972174745
cnn_diagonly_clean,0,bw|snr=6|leads=1,bw,0.9276645305138791
cnn_diagonly_clean,0,bw|snr=6|leads=3,bw,0.9276116475714105
cnn_diagonly_clean,0,bw|snr=6|leads=6,bw,0.9272996407318217
cnn_diagonly_clean,0,em|snr=0|leads=1,em,0.9258767386436499
cnn_diagonly_clean,0,em|snr=0|leads=3,em,0.9225358945437063
cnn_diagonly_clean,0,em|snr=0|leads=6,em,0.9180055931997083
cnn_diagonly_clean,0,em|snr=12|leads=1,em,0.9277249021453322
cnn_diagonly_clean,0,em|snr=12|leads=3,em,0.927808182186447
cnn_diagonly_clean,0,em|snr=12|leads=6,em,0.9271059890844546
cnn_diagonly_clean,0,em|snr=6|leads=1,em,0.927381009274081
cnn_diagonly_clean,0,em|snr=6|leads=3,em,0.9270668837376567
cnn_diagonly_clean,0,em|snr=6|leads=6,em,0.9258747731489863
cnn_diagonly_clean,0,ma|snr=0|leads=1,ma,0.9277402043992499
cnn_diagonly_clean,0,ma|snr=0|leads=3,ma,0.9266333119319834
cnn_diagonly_clean,0,ma|snr=0|leads=6,ma,0.9234418529768835
cnn_diagonly_clean,0,ma|snr=12|leads=1,ma,0.9277934445004427
cnn_diagonly_clean,0,ma|snr=12|leads=3,ma,0.9276243129740905
cnn_diagonly_clean,0,ma|snr=12|leads=6,ma,0.9278619446238917
cnn_diagonly_clean,0,ma|snr=6|leads=1,ma,0.9272769157362518
cnn_diagonly_clean,0,ma|snr=6|leads=3,ma,0.9280087484244062
cnn_diagonly_clean,0,ma|snr=6|leads=6,ma,0.9265017675178161
cnn_diagonly_clean,1,bw|snr=0|leads=1,bw,0.9243518853291045
cnn_diagonly_clean,1,bw|snr=0|leads=3,bw,0.9223544420294985
cnn_diagonly_clean,1,bw|snr=0|leads=6,bw,0.9204383872645104
cnn_diagonly_clean,1,bw|snr=12|leads=1,bw,0.9248843176965027
cnn_diagonly_clean,1,bw|snr=12|leads=3,bw,0.924838035553978
cnn_diagonly_clean,1,bw|snr=12|leads=6,bw,0.9246695104138674
cnn_diagonly_clean,1,bw|snr=6|leads=1,bw,0.9249424247433371
cnn_diagonly_clean,1,bw|snr=6|leads=3,bw,0.9245122643032945
cnn_diagonly_clean,1,bw|snr=6|leads=6,bw,0.924441398787971
cnn_diagonly_clean,1,em|snr=0|leads=1,em,0.9224110601197154
cnn_diagonly_clean,1,em|snr=0|leads=3,em,0.9182734004113813
cnn_diagonly_clean,1,em|snr=0|leads=6,em,0.915707965918768
cnn_diagonly_clean,1,em|snr=12|leads=1,em,0.9248704844029494
cnn_diagonly_clean,1,em|snr=12|leads=3,em,0.9248054771744452
cnn_diagonly_clean,1,em|snr=12|leads=6,em,0.9242352505244458
cnn_diagonly_clean,1,em|snr=6|leads=1,em,0.9247083163814975
cnn_diagonly_clean,1,em|snr=6|leads=3,em,0.9241063801231848
cnn_diagonly_clean,1,em|snr=6|leads=6,em,0.9226288162422314
cnn_diagonly_clean,1,ma|snr=0|leads=1,ma,0.9245430609060943
cnn_diagonly_clean,1,ma|snr=0|leads=3,ma,0.9233905664522097
cnn_diagonly_clean,1,ma|snr=0|leads=6,ma,0.9205415921038245
cnn_diagonly_clean,1,ma|snr=12|leads=1,ma,0.9248090594092309
cnn_diagonly_clean,1,ma|snr=12|leads=3,ma,0.9248081564566611
cnn_diagonly_clean,1,ma|snr=12|leads=6,ma,0.9248015179684781
cnn_diagonly_clean,1,ma|snr=6|leads=1,ma,0.9247088792710023
cnn_diagonly_clean,1,ma|snr=6|leads=3,ma,0.9243795553719144
cnn_diagonly_clean,1,ma|snr=6|leads=6,ma,0.9238015848168374
cnn_diagonly_clean,2,bw|snr=0|leads=1,bw,0.9247225073044086
cnn_diagonly_clean,2,bw|snr=0|leads=3,bw,0.9217581941114729
cnn_diagonly_clean,2,bw|snr=0|leads=6,bw,0.9192361462214285
cnn_diagonly_clean,2,bw|snr=12|leads=1,bw,0.9259774092531684
cnn_diagonly_clean,2,bw|snr=12|leads=3,bw,0.9260557716299204
cnn_diagonly_clean,2,bw|snr=12|leads=6,bw,0.9255748714689563
cnn_diagonly_clean,2,bw|snr=6|leads=1,bw,0.9260062651466588
cnn_diagonly_clean,2,bw|snr=6|leads=3,bw,0.9257658903753198
cnn_diagonly_clean,2,bw|snr=6|leads=6,bw,0.924701154669593
cnn_diagonly_clean,2,em|snr=0|leads=1,em,0.9223709143874645
cnn_diagonly_clean,2,em|snr=0|leads=3,em,0.9138913735625837
cnn_diagonly_clean,2,em|snr=0|leads=6,em,0.9097030433013156
cnn_diagonly_clean,2,em|snr=12|leads=1,em,0.9257165388906732
cnn_diagonly_clean,2,em|snr=12|leads=3,em,0.9254141114223696
cnn_diagonly_clean,2,em|snr=12|leads=6,em,0.9249574563077184
cnn_diagonly_clean,2,em|snr=6|leads=1,em,0.9252966168741951
cnn_diagonly_clean,2,em|snr=6|leads=3,em,0.9238231784484123
cnn_diagonly_clean,2,em|snr=6|leads=6,em,0.9219652722266769
cnn_diagonly_clean,2,ma|snr=0|leads=1,ma,0.9254744070309803
cnn_diagonly_clean,2,ma|snr=0|leads=3,ma,0.9228689817241064
cnn_diagonly_clean,2,ma|snr=0|leads=6,ma,0.9186763999017856
cnn_diagonly_clean,2,ma|snr=12|leads=1,ma,0.9260372443625944
cnn_diagonly_clean,2,ma|snr=12|leads=3,ma,0.9256595974608925
cnn_diagonly_clean,2,ma|snr=12|leads=6,ma,0.9258146531396253
cnn_diagonly_clean,2,ma|snr=6|leads=1,ma,0.9257933300507311
cnn_diagonly_clean,2,ma|snr=6|leads=3,ma,0.9251901963976275
cnn_diagonly_clean,2,ma|snr=6|leads=6,ma,0.9240811202436483
cnn_full_cleanfrac20,0,bw|snr=0|leads=1,bw,0.9248340789730225
cnn_full_cleanfrac20,0,bw|snr=0|leads=3,bw,0.9228126523145701
cnn_full_cleanfrac20,0,bw|snr=0|leads=6,bw,0.9203962946267161
cnn_full_cleanfrac20,0,bw|snr=12|leads=1,bw,0.9255025169574342
cnn_full_cleanfrac20,0,bw|snr=12|leads=3,bw,0.9253972354193474
cnn_full_cleanfrac20,0,bw|snr=12|leads=6,bw,0.9253819919903297
cnn_full_cleanfrac20,0,bw|snr=6|leads=1,bw,0.9253995568760341
cnn_full_cleanfrac20,0,bw|snr=6|leads=3,bw,0.9251166525613573
cnn_full_cleanfrac20,0,bw|snr=6|leads=6,bw,0.925523869712071
cnn_full_cleanfrac20,0,em|snr=0|leads=1,em,0.9233564328655293
cnn_full_cleanfrac20,0,em|snr=0|leads=3,em,0.9178581078386371
cnn_full_cleanfrac20,0,em|snr=0|leads=6,em,0.9132501251503615
cnn_full_cleanfrac20,0,em|snr=12|leads=1,em,0.9255691445425798
cnn_full_cleanfrac20,0,em|snr=12|leads=3,em,0.9254043730787507
cnn_full_cleanfrac20,0,em|snr=12|leads=6,em,0.924826032798429
cnn_full_cleanfrac20,0,em|snr=6|leads=1,em,0.9249680278541021
cnn_full_cleanfrac20,0,em|snr=6|leads=3,em,0.9242572885768819
cnn_full_cleanfrac20,0,em|snr=6|leads=6,em,0.9227266158598129
cnn_full_cleanfrac20,0,ma|snr=0|leads=1,ma,0.9256700367064491
cnn_full_cleanfrac20,0,ma|snr=0|leads=3,ma,0.9230833128716915
cnn_full_cleanfrac20,0,ma|snr=0|leads=6,ma,0.9183541880026231
cnn_full_cleanfrac20,0,ma|snr=12|leads=1,ma,0.9254870031322436
cnn_full_cleanfrac20,0,ma|snr=12|leads=3,ma,0.9254628536492104
cnn_full_cleanfrac20,0,ma|snr=12|leads=6,ma,0.9256158484004718
cnn_full_cleanfrac20,0,ma|snr=6|leads=1,ma,0.9254102699291717
cnn_full_cleanfrac20,0,ma|snr=6|leads=3,ma,0.9254729811703456
cnn_full_cleanfrac20,0,ma|snr=6|leads=6,ma,0.9244791412967455
cnn_full_cleanfrac20,1,bw|snr=0|leads=1,bw,0.9263484499015648
cnn_full_cleanfrac20,1,bw|snr=0|leads=3,bw,0.9244594264182003
cnn_full_cleanfrac20,1,bw|snr=0|leads=6,bw,0.9235327934819735
cnn_full_cleanfrac20,1,bw|snr=12|leads=1,bw,0.9272010610751513
cnn_full_cleanfrac20,1,bw|snr=12|leads=3,bw,0.927015436355533
cnn_full_cleanfrac20,1,bw|snr=12|leads=6,bw,0.9268889842394842
cnn_full_cleanfrac20,1,bw|snr=6|leads=1,bw,0.9269277293519057
cnn_full_cleanfrac20,1,bw|snr=6|leads=3,bw,0.926951520240582
cnn_full_cleanfrac20,1,bw|snr=6|leads=6,bw,0.9271835768847625
cnn_full_cleanfrac20,1,em|snr=0|leads=1,em,0.9246830443286589
cnn_full_cleanfrac20,1,em|snr=0|leads=3,em,0.9198441823491624
cnn_full_cleanfrac20,1,em|snr=0|leads=6,em,0.9129233225696558
cnn_full_cleanfrac20,1,em|snr=12|leads=1,em,0.9271689374926751
cnn_full_cleanfrac20,1,em|snr=12|leads=3,em,0.9269601198919457
cnn_full_cleanfrac20,1,em|snr=12|leads=6,em,0.9262334566679516
cnn_full_cleanfrac20,1,em|snr=6|leads=1,em,0.9266019505006188
cnn_full_cleanfrac20,1,em|snr=6|leads=3,em,0.9257724846444582
cnn_full_cleanfrac20,1,em|snr=6|leads=6,em,0.9241331388902969
cnn_full_cleanfrac20,1,ma|snr=0|leads=1,ma,0.9265605099788534
cnn_full_cleanfrac20,1,ma|snr=0|leads=3,ma,0.924650202696216
cnn_full_cleanfrac20,1,ma|snr=0|leads=6,ma,0.9198171793486909
cnn_full_cleanfrac20,1,ma|snr=12|leads=1,ma,0.9271566113882759
cnn_full_cleanfrac20,1,ma|snr=12|leads=3,ma,0.9271059797342126
cnn_full_cleanfrac20,1,ma|snr=12|leads=6,ma,0.9268941119760594
cnn_full_cleanfrac20,1,ma|snr=6|leads=1,ma,0.9267851291376392
cnn_full_cleanfrac20,1,ma|snr=6|leads=3,ma,0.9269659184374632
cnn_full_cleanfrac20,1,ma|snr=6|leads=6,ma,0.9258281185688044
cnn_full_cleanfrac20,2,bw|snr=0|leads=1,bw,0.9272393100090317
cnn_full_cleanfrac20,2,bw|snr=0|leads=3,bw,0.9248390680351225
cnn_full_cleanfrac20,2,bw|snr=0|leads=6,bw,0.9232304472394295
cnn_full_cleanfrac20,2,bw|snr=12|leads=1,bw,0.9283747170269103
cnn_full_cleanfrac20,2,bw|snr=12|leads=3,bw,0.928402813752179
cnn_full_cleanfrac20,2,bw|snr=12|leads=6,bw,0.9280064006898909
cnn_full_cleanfrac20,2,bw|snr=6|leads=1,bw,0.9281987394796541
cnn_full_cleanfrac20,2,bw|snr=6|leads=3,bw,0.9278213384113819
cnn_full_cleanfrac20,2,bw|snr=6|leads=6,bw,0.9279197749880689
cnn_full_cleanfrac20,2,em|snr=0|leads=1,em,0.9248965799817304
cnn_full_cleanfrac20,2,em|snr=0|leads=3,em,0.9189083773902065
cnn_full_cleanfrac20,2,em|snr=0|leads=6,em,0.9142529469237605
cnn_full_cleanfrac20,2,em|snr=12|leads=1,em,0.9284294198319862
cnn_full_cleanfrac20,2,em|snr=12|leads=3,em,0.9283500656144863
cnn_full_cleanfrac20,2,em|snr=12|leads=6,em,0.9276185742099237
cnn_full_cleanfrac20,2,em|snr=6|leads=1,em,0.9278154591702122
cnn_full_cleanfrac20,2,em|snr=6|leads=3,em,0.9264477942499353
cnn_full_cleanfrac20,2,em|snr=6|leads=6,em,0.9248663403471362
cnn_full_cleanfrac20,2,ma|snr=0|leads=1,ma,0.9274025941959657
cnn_full_cleanfrac20,2,ma|snr=0|leads=3,ma,0.9247853764757477
cnn_full_cleanfrac20,2,ma|snr=0|leads=6,ma,0.9217617497025732
cnn_full_cleanfrac20,2,ma|snr=12|leads=1,ma,0.9284440809724259
cnn_full_cleanfrac20,2,ma|snr=12|leads=3,ma,0.9283523539977292
cnn_full_cleanfrac20,2,ma|snr=12|leads=6,ma,0.9281716478498382
cnn_full_cleanfrac20,2,ma|snr=6|leads=1,ma,0.9278438461891698
cnn_full_cleanfrac20,2,ma|snr=6|leads=3,ma,0.9281064823888887
cnn_full_cleanfrac20,2,ma|snr=6|leads=6,ma,0.9268386515228958
cnn_full_leadwise_cleanfrac20,0,bw|snr=0|leads=1,bw,0.9242290715647765
cnn_full_leadwise_cleanfrac20,0,bw|snr=0|leads=3,bw,0.9215330955198991
cnn_full_leadwise_cleanfrac20,0,bw|snr=0|leads=6,bw,0.9204531790573842
cnn_full_leadwise_cleanfrac20,0,bw|snr=12|leads=1,bw,0.9249711578091997
cnn_full_leadwise_cleanfrac20,0,bw|snr=12|leads=3,bw,0.924946757074016
cnn_full_leadwise_cleanfrac20,0,bw|snr=12|leads=6,bw,0.9248432778472437
cnn_full_leadwise_cleanfrac20,0,bw|snr=6|leads=1,bw,0.924711708831936
cnn_full_leadwise_cleanfrac20,0,bw|snr=6|leads=3,bw,0.9246950635025912
cnn_full_leadwise_cleanfrac20,0,bw|snr=6|leads=6,bw,0.9247103740935522
cnn_full_leadwise_cleanfrac20,0,em|snr=0|leads=1,em,0.9219635649142888
cnn_full_leadwise_cleanfrac20,0,em|snr=0|leads=3,em,0.9175174984407025
cnn_full_leadwise_cleanfrac20,0,em|snr=0|leads=6,em,0.9121371957169517
cnn_full_leadwise_cleanfrac20,0,em|snr=12|leads=1,em,0.9249466721448275
cnn_full_leadwise_cleanfrac20,0,em|snr=12|leads=3,em,0.9246689708214729
cnn_full_leadwise_cleanfrac20,0,em|snr=12|leads=6,em,0.9243273872910246
cnn_full_leadwise_cleanfrac20,0,em|snr=6|leads=1,em,0.9241746232752963
cnn_full_leadwise_cleanfrac20,0,em|snr=6|leads=3,em,0.9237782452648311
cnn_full_leadwise_cleanfrac20,0,em|snr=6|leads=6,em,0.9220925829000539
cnn_full_leadwise_cleanfrac20,0,ma|snr=0|leads=1,ma,0.9244725750019553
cnn_full_leadwise_cleanfrac20,0,ma|snr=0|leads=3,ma,0.9238473391935941
cnn_full_leadwise_cleanfrac20,0,ma|snr=0|leads=6,ma,0.9199665329918376
cnn_full_leadwise_cleanfrac20,0,ma|snr=12|leads=1,ma,0.9249373404661372
cnn_full_leadwise_cleanfrac20,0,ma|snr=12|leads=3,ma,0.9250080378365497
cnn_full_leadwise_cleanfrac20,0,ma|snr=12|leads=6,ma,0.9247561472779605
cnn_full_leadwise_cleanfrac20,0,ma|snr=6|leads=1,ma,0.9245339553178225
cnn_full_leadwise_cleanfrac20,0,ma|snr=6|leads=3,ma,0.9247968783475342
cnn_full_leadwise_cleanfrac20,0,ma|snr=6|leads=6,ma,0.9237923510328819
cnn_full_leadwise_cleanfrac20,1,bw|snr=0|leads=1,bw,0.9266799399437249
cnn_full_leadwise_cleanfrac20,1,bw|snr=0|leads=3,bw,0.9252104305863676
cnn_full_leadwise_cleanfrac20,1,bw|snr=0|leads=6,bw,0.9231369289983764
cnn_full_leadwise_cleanfrac20,1,bw|snr=12|leads=1,bw,0.9276855191254751
cnn_full_leadwise_cleanfrac20,1,bw|snr=12|leads=3,bw,0.9276790343528021
cnn_full_leadwise_cleanfrac20,1,bw|snr=12|leads=6,bw,0.92734461425738
cnn_full_leadwise_cleanfrac20,1,bw|snr=6|leads=1,bw,0.9276812578536635
cnn_full_leadwise_cleanfrac20,1,bw|snr=6|leads=3,bw,0.9271379269164687
cnn_full_leadwise_cleanfrac20,1,bw|snr=6|leads=6,bw,0.9277201974680926
cnn_full_leadwise_cleanfrac20,1,em|snr=0|leads=1,em,0.924971270180945
cnn_full_leadwise_cleanfrac20,1,em|snr=0|leads=3,em,0.9198620118067516
cnn_full_leadwise_cleanfrac20,1,em|snr=0|leads=6,em,0.9137307193440094
cnn_full_leadwise_cleanfrac20,1,em|snr=12|leads=1,em,0.9276704025057583
cnn_full_leadwise_cleanfrac20,1,em|snr=12|leads=3,em,0.9274452930682188
cnn_full_leadwise_cleanfrac20,1,em|snr=12|leads=6,em,0.9267110000028046
cnn_full_leadwise_cleanfrac20,1,em|snr=6|leads=1,em,0.927043017298681
cnn_full_leadwise_cleanfrac20,1,em|snr=6|leads=3,em,0.9267395328540051
cnn_full_leadwise_cleanfrac20,1,em|snr=6|leads=6,em,0.9245040638377103
cnn_full_leadwise_cleanfrac20,1,ma|snr=0|leads=1,ma,0.9275377054503651
cnn_full_leadwise_cleanfrac20,1,ma|snr=0|leads=3,ma,0.9263529142019691
cnn_full_leadwise_cleanfrac20,1,ma|snr=0|leads=6,ma,0.9240100875667207
cnn_full_leadwise_cleanfrac20,1,ma|snr=12|leads=1,ma,0.9276657770688581
cnn_full_leadwise_cleanfrac20,1,ma|snr=12|leads=3,ma,0.9276355154228895
cnn_full_leadwise_cleanfrac20,1,ma|snr=12|leads=6,ma,0.927560390322769
cnn_full_leadwise_cleanfrac20,1,ma|snr=6|leads=1,ma,0.9274908198561873
cnn_full_leadwise_cleanfrac20,1,ma|snr=6|leads=3,ma,0.927788444997893
cnn_full_leadwise_cleanfrac20,1,ma|snr=6|leads=6,ma,0.926533193343974
cnn_full_leadwise_cleanfrac20,2,bw|snr=0|leads=1,bw,0.9257595174337683
cnn_full_leadwise_cleanfrac20,2,bw|snr=0|leads=3,bw,0.9222596355142745
cnn_full_leadwise_cleanfrac20,2,bw|snr=0|leads=6,bw,0.9219746746056072
cnn_full_leadwise_cleanfrac20,2,bw|snr=12|leads=1,bw,0.9263221443444147
cnn_full_leadwise_cleanfrac20,2,bw|snr=12|leads=3,bw,0.9262419950467571
cnn_full_leadwise_cleanfrac20,2,bw|snr=12|leads=6,bw,0.9261857718743324
cnn_full_leadwise_cleanfrac20,2,bw|snr=6|leads=1,bw,0.9262660935997241
cnn_full_leadwise_cleanfrac20,2,bw|snr=6|leads=3,bw,0.9258818106914048
cnn_full_leadwise_cleanfrac20,2,bw|snr=6|leads=6,bw,0.9261309211422605
cnn_full_leadwise_cleanfrac20,2,em|snr=0|leads=1,em,0.9235102255693779
cnn_full_leadwise_cleanfrac20,2,em|snr=0|leads=3,em,0.9192626092473475
cnn_full_leadwise_cleanfrac20,2,em|snr=0|leads=6,em,0.9141133262768175
cnn_full_leadwise_cleanfrac20,2,em|snr=12|leads=1,em,0.9264688961224403
cnn_full_leadwise_cleanfrac20,2,em|snr=12|leads=3,em,0.9264017868462261
cnn_full_leadwise_cleanfrac20,2,em|snr=12|leads=6,em,0.9257398208917526
cnn_full_leadwise_cleanfrac20,2,em|snr=6|leads=1,em,0.9260218512789988
cnn_full_leadwise_cleanfrac20,2,em|snr=6|leads=3,em,0.9250382160369783
cnn_full_leadwise_cleanfrac20,2,em|snr=6|leads=6,em,0.9241334351321611
cnn_full_leadwise_cleanfrac20,2,ma|snr=0|leads=1,ma,0.9260775135281148
cnn_full_leadwise_cleanfrac20,2,ma|snr=0|leads=3,ma,0.9243664870272015
cnn_full_leadwise_cleanfrac20,2,ma|snr=0|leads=6,ma,0.9219305247661346
cnn_full_leadwise_cleanfrac20,2,ma|snr=12|leads=1,ma,0.9263087085652835
cnn_full_leadwise_cleanfrac20,2,ma|snr=12|leads=3,ma,0.9263049379846517
cnn_full_leadwise_cleanfrac20,2,ma|snr=12|leads=6,ma,0.9260989263911712
cnn_full_leadwise_cleanfrac20,2,ma|snr=6|leads=1,ma,0.926049630951649
cnn_full_leadwise_cleanfrac20,2,ma|snr=6|leads=3,ma,0.926204422358403
cnn_full_leadwise_cleanfrac20,2,ma|snr=6|leads=6,ma,0.9253867179957094
cnn_full_leadwise,0,bw|snr=0|leads=1,bw,0.9241118700962154
cnn_full_leadwise,0,bw|snr=0|leads=3,bw,0.9220235085347636
cnn_full_leadwise,0,bw|snr=0|leads=6,bw,0.9208823067905383
cnn_full_leadwise,0,bw|snr=12|leads=1,bw,0.9245242086078973
cnn_full_leadwise,0,bw|snr=12|leads=3,bw,0.9244218415363237
cnn_full_leadwise,0,bw|snr=12|leads=6,bw,0.9247268525987632
cnn_full_leadwise,0,bw|snr=6|leads=1,bw,0.9243840964493378
cnn_full_leadwise,0,bw|snr=6|leads=3,bw,0.9243297723283449
cnn_full_leadwise,0,bw|snr=6|leads=6,bw,0.9241008600013704
cnn_full_leadwise,0,em|snr=0|leads=1,em,0.9228695999431012
cnn_full_leadwise,0,em|snr=0|leads=3,em,0.9185144873735274
cnn_full_leadwise,0,em|snr=0|leads=6,em,0.9148173534030806
cnn_full_leadwise,0,em|snr=12|leads=1,em,0.9245112661947296
cnn_full_leadwise,0,em|snr=12|leads=3,em,0.9245606771526369
cnn_full_leadwise,0,em|snr=12|leads=6,em,0.9240488383084304
cnn_full_leadwise,0,em|snr=6|leads=1,em,0.924230336153465
cnn_full_leadwise,0,em|snr=6|leads=3,em,0.923500550766841
cnn_full_leadwise,0,em|snr=6|leads=6,em,0.9225995410736694
cnn_full_leadwise,0,ma|snr=0|leads=1,ma,0.9240925854646871
cnn_full_leadwise,0,ma|snr=0|leads=3,ma,0.9228474569631764
cnn_full_leadwise,0,ma|snr=0|leads=6,ma,0.9207587677229225
cnn_full_leadwise,0,ma|snr=12|leads=1,ma,0.9244482549473358
cnn_full_leadwise,0,ma|snr=12|leads=3,ma,0.9245086215071143
cnn_full_leadwise,0,ma|snr=12|leads=6,ma,0.9245251999909456
cnn_full_leadwise,0,ma|snr=6|leads=1,ma,0.9243358560389495
cnn_full_leadwise,0,ma|snr=6|leads=3,ma,0.9242365362979822
cnn_full_leadwise,0,ma|snr=6|leads=6,ma,0.9234948319395168
cnn_full_leadwise,1,bw|snr=0|leads=1,bw,0.9263183968351782
cnn_full_leadwise,1,bw|snr=0|leads=3,bw,0.923863094412054
cnn_full_leadwise,1,bw|snr=0|leads=6,bw,0.9231278963093729
cnn_full_leadwise,1,bw|snr=12|leads=1,bw,0.9267469085005912
cnn_full_leadwise,1,bw|snr=12|leads=3,bw,0.9266955146729258
cnn_full_leadwise,1,bw|snr=12|leads=6,bw,0.9267972279642805
cnn_full_leadwise,1,bw|snr=6|leads=1,bw,0.9268574860323436
cnn_full_leadwise,1,bw|snr=6|leads=3,bw,0.926971403520818
cnn_full_leadwise,1,bw|snr=6|leads=6,bw,0.9271967205240271
cnn_full_leadwise,1,em|snr=0|leads=1,em,0.9245836445028306
cnn_full_leadwise,1,em|snr=0|leads=3,em,0.9195000171857165
cnn_full_leadwise,1,em|snr=0|leads=6,em,0.9127242386025577
cnn_full_leadwise,1,em|snr=12|leads=1,em,0.9268312010194582
cnn_full_leadwise,1,em|snr=12|leads=3,em,0.9266052357311743
cnn_full_leadwise,1,em|snr=12|leads=6,em,0.9261357685950283
cnn_full_leadwise,1,em|snr=6|leads=1,em,0.9261990739121051
cnn_full_leadwise,1,em|snr=6|leads=3,em,0.9264542612083323
cnn_full_leadwise,1,em|snr=6|leads=6,em,0.924591228178085
cnn_full_leadwise,1,ma|snr=0|leads=1,ma,0.9268788684962322
cnn_full_leadwise,1,ma|snr=0|leads=3,ma,0.9253117085459177
cnn_full_leadwise,1,ma|snr=0|leads=6,ma,0.9233416658475857
cnn_full_leadwise,1,ma|snr=12|leads=1,ma,0.926828655183923
cnn_full_leadwise,1,ma|snr=12|leads=3,ma,0.9269497883196722
cnn_full_leadwise,1,ma|snr=12|leads=6,ma,0.9267953730111783
cnn_full_leadwise,1,ma|snr=6|leads=1,ma,0.9265013972708982
cnn_full_leadwise,1,ma|snr=6|leads=3,ma,0.9267665287745253
cnn_full_leadwise,1,ma|snr=6|leads=6,ma,0.9260087681905066
cnn_full_leadwise,2,bw|snr=0|leads=1,bw,0.9254499673969372
cnn_full_leadwise,2,bw|snr=0|leads=3,bw,0.9233715521471113
cnn_full_leadwise,2,bw|snr=0|leads=6,bw,0.9222359309313726
cnn_full_leadwise,2,bw|snr=12|leads=1,bw,0.92613506699314
cnn_full_leadwise,2,bw|snr=12|leads=3,bw,0.9260979043475125
cnn_full_leadwise,2,bw|snr=12|leads=6,bw,0.9258489779504153
cnn_full_leadwise,2,bw|snr=6|leads=1,bw,0.9261236174515457
cnn_full_leadwise,2,bw|snr=6|leads=3,bw,0.926035336197381
cnn_full_leadwise,2,bw|snr=6|leads=6,bw,0.9258946051761461
cnn_full_leadwise,2,em|snr=0|leads=1,em,0.923196192363433
cnn_full_leadwise,2,em|snr=0|leads=3,em,0.9176761567862203
cnn_full_leadwise,2,em|snr=0|leads=6,em,0.9131726809558118
cnn_full_leadwise,2,em|snr=12|leads=1,em,0.9261568810220069
cnn_full_leadwise,2,em|snr=12|leads=3,em,0.926249348574441
cnn_full_leadwise,2,em|snr=12|leads=6,em,0.9251303570600424
cnn_full_leadwise,2,em|snr=6|leads=1,em,0.9254972452106566
cnn_full_leadwise,2,em|snr=6|leads=3,em,0.9248738180036987
cnn_full_leadwise,2,em|snr=6|leads=6,em,0.9233892800667538
cnn_full_leadwise,2,ma|snr=0|leads=1,ma,0.925353397691804
cnn_full_leadwise,2,ma|snr=0|leads=3,ma,0.9243430608711505
cnn_full_leadwise,2,ma|snr=0|leads=6,ma,0.9211562180531953
cnn_full_leadwise,2,ma|snr=12|leads=1,ma,0.9261541742688163
cnn_full_leadwise,2,ma|snr=12|leads=3,ma,0.9260204635824468
cnn_full_leadwise,2,ma|snr=12|leads=6,ma,0.9257170438529441
cnn_full_leadwise,2,ma|snr=6|leads=1,ma,0.9258112398977165
cnn_full_leadwise,2,ma|snr=6|leads=3,ma,0.9259641544005263
cnn_full_leadwise,2,ma|snr=6|leads=6,ma,0.925276524833787
cnn_full,0,bw|snr=0|leads=1,bw,0.925173018366352
cnn_full,0,bw|snr=0|leads=3,bw,0.9224483141281056
cnn_full,0,bw|snr=0|leads=6,bw,0.9214269731757989
cnn_full,0,bw|snr=12|leads=1,bw,0.9259893943780451
cnn_full,0,bw|snr=12|leads=3,bw,0.9258643273296734
cnn_full,0,bw|snr=12|leads=6,bw,0.9259745711773147
cnn_full,0,bw|snr=6|leads=1,bw,0.9259893906538827
cnn_full,0,bw|snr=6|leads=3,bw,0.9255787061758843
cnn_full,0,bw|snr=6|leads=6,bw,0.9254683542617617
cnn_full,0,em|snr=0|leads=1,em,0.923852451610939
cnn_full,0,em|snr=0|leads=3,em,0.9190226714792633
cnn_full,0,em|snr=0|leads=6,em,0.9148341168824763
cnn_full,0,em|snr=12|leads=1,em,0.9260578592418875
cnn_full,0,em|snr=12|leads=3,em,0.9259901648337887
cnn_full,0,em|snr=12|leads=6,em,0.9255270422012328
cnn_full,0,em|snr=6|leads=1,em,0.925729215890055
cnn_full,0,em|snr=6|leads=3,em,0.924450012638317
cnn_full,0,em|snr=6|leads=6,em,0.9234992883462855
cnn_full,0,ma|snr=0|leads=1,ma,0.9256585523945166
cnn_full,0,ma|snr=0|leads=3,ma,0.9237012691920814
cnn_full,0,ma|snr=0|leads=6,ma,0.9198432372956701
cnn_full,0,ma|snr=12|leads=1,ma,0.9259476053394661
cnn_full,0,ma|snr=12|leads=3,ma,0.9259886746194728
cnn_full,0,ma|snr=12|leads=6,ma,0.9258855011710182
cnn_full,0,ma|snr=6|leads=1,ma,0.9258704574234917
cnn_full,0,ma|snr=6|leads=3,ma,0.9256278898231327
cnn_full,0,ma|snr=6|leads=6,ma,0.9244655536772328
cnn_full,1,bw|snr=0|leads=1,bw,0.9252269401064497
cnn_full,1,bw|snr=0|leads=3,bw,0.9227005294409958
cnn_full,1,bw|snr=0|leads=6,bw,0.9226601264932853
cnn_full,1,bw|snr=12|leads=1,bw,0.9258308301668106
cnn_full,1,bw|snr=12|leads=3,bw,0.9259543332129709
cnn_full,1,bw|snr=12|leads=6,bw,0.9258215723999831
cnn_full,1,bw|snr=6|leads=1,bw,0.9256586462272974
cnn_full,1,bw|snr=6|leads=3,bw,0.9257774326997502
cnn_full,1,bw|snr=6|leads=6,bw,0.9260822287776289
cnn_full,1,em|snr=0|leads=1,em,0.923585064146397
cnn_full,1,em|snr=0|leads=3,em,0.918238462832897
cnn_full,1,em|snr=0|leads=6,em,0.9110482606129071
cnn_full,1,em|snr=12|leads=1,em,0.9259416907060773
cnn_full,1,em|snr=12|leads=3,em,0.9256883936514113
cnn_full,1,em|snr=12|leads=6,em,0.9254727052929743
cnn_full,1,em|snr=6|leads=1,em,0.9255687271940165
cnn_full,1,em|snr=6|leads=3,em,0.9244319154581971
cnn_full,1,em|snr=6|leads=6,em,0.9236632933274119
cnn_full,1,ma|snr=0|leads=1,ma,0.9258661805007309
cnn_full,1,ma|snr=0|leads=3,ma,0.924359924860212
cnn_full,1,ma|snr=0|leads=6,ma,0.9211490604830923
cnn_full,1,ma|snr=12|leads=1,ma,0.9258928707627817
cnn_full,1,ma|snr=12|leads=3,ma,0.9259649145607979
cnn_full,1,ma|snr=12|leads=6,ma,0.9258887197680578
cnn_full,1,ma|snr=6|leads=1,ma,0.9258128833550126
cnn_full,1,ma|snr=6|leads=3,ma,0.9257022310507615
cnn_full,1,ma|snr=6|leads=6,ma,0.925196959045465
cnn_full,2,bw|snr=0|leads=1,bw,0.9255140619469927
cnn_full,2,bw|snr=0|leads=3,bw,0.9239046547791773
cnn_full,2,bw|snr=0|leads=6,bw,0.923830055022598
cnn_full,2,bw|snr=12|leads=1,bw,0.926368547327207
cnn_full,2,bw|snr=12|leads=3,bw,0.9264291041378654
cnn_full,2,bw|snr=12|leads=6,bw,0.9262396566648791
cnn_full,2,bw|snr=6|leads=1,bw,0.9266639808190226
cnn_full,2,bw|snr=6|leads=3,bw,0.9262837405682403
cnn_full,2,bw|snr=6|leads=6,bw,0.9257225854776815
cnn_full,2,em|snr=0|leads=1,em,0.9234344977994431
cnn_full,2,em|snr=0|leads=3,em,0.9182761426795685
cnn_full,2,em|snr=0|leads=6,em,0.9125345860059726
cnn_full,2,em|snr=12|leads=1,em,0.9265008408559486
cnn_full,2,em|snr=12|leads=3,em,0.9266569406463626
cnn_full,2,em|snr=12|leads=6,em,0.9258097377065198
cnn_full,2,em|snr=6|leads=1,em,0.9262170152557715
cnn_full,2,em|snr=6|leads=3,em,0.9253333363257857
cnn_full,2,em|snr=6|leads=6,em,0.9234761428928435
cnn_full,2,ma|snr=0|leads=1,ma,0.9263276904894626
cnn_full,2,ma|snr=0|leads=3,ma,0.9232673777099819
cnn_full,2,ma|snr=0|leads=6,ma,0.918624253924867
cnn_full,2,ma|snr=12|leads=1,ma,0.9265498201467249
cnn_full,2,ma|snr=12|leads=3,ma,0.9264248110046207
cnn_full,2,ma|snr=12|leads=6,ma,0.9264566467744533
cnn_full,2,ma|snr=6|leads=1,ma,0.926478181665988
cnn_full,2,ma|snr=6|leads=3,ma,0.9265326386058617
cnn_full,2,ma|snr=6|leads=6,ma,0.92472670394682
inception_aug,0,bw|snr=0|leads=1,bw,0.9269990458483253
inception_aug,0,bw|snr=0|leads=3,bw,0.9255561769761661
inception_aug,0,bw|snr=0|leads=6,bw,0.923350945197887
inception_aug,0,bw|snr=12|leads=1,bw,0.927640278404153
inception_aug,0,bw|snr=12|leads=3,bw,0.927728760695339
inception_aug,0,bw|snr=12|leads=6,bw,0.9274283988134737
inception_aug,0,bw|snr=6|leads=1,bw,0.9277093104084553
inception_aug,0,bw|snr=6|leads=3,bw,0.9276976684114278
inception_aug,0,bw|snr=6|leads=6,bw,0.9275197408957535
inception_aug,0,em|snr=0|leads=1,em,0.9261607400672254
inception_aug,0,em|snr=0|leads=3,em,0.9217032246290172
inception_aug,0,em|snr=0|leads=6,em,0.9174805542779622
inception_aug,0,em|snr=12|leads=1,em,0.9276320065480403
inception_aug,0,em|snr=12|leads=3,em,0.9275203732986188
inception_aug,0,em|snr=12|leads=6,em,0.9272385741535668
inception_aug,0,em|snr=6|leads=1,em,0.9276161337049575
inception_aug,0,em|snr=6|leads=3,em,0.9270928517048
inception_aug,0,em|snr=6|leads=6,em,0.9255971518321934
inception_aug,0,ma|snr=0|leads=1,ma,0.9272176821262926
inception_aug,0,ma|snr=0|leads=3,ma,0.9246279347114645
inception_aug,0,ma|snr=0|leads=6,ma,0.9206035664296396
inception_aug,0,ma|snr=12|leads=1,ma,0.9276932193619926
inception_aug,0,ma|snr=12|leads=3,ma,0.92771863500503
inception_aug,0,ma|snr=12|leads=6,ma,0.9278389015393931
inception_aug,0,ma|snr=6|leads=1,ma,0.9277520248845411
inception_aug,0,ma|snr=6|leads=3,ma,0.9277343288081645
inception_aug,0,ma|snr=6|leads=6,ma,0.9265993507052623
inception_aug,1,bw|snr=0|leads=1,bw,0.9284703768634245
inception_aug,1,bw|snr=0|leads=3,bw,0.9268649279845661
inception_aug,1,bw|snr=0|leads=6,bw,0.9243660588896546
inception_aug,1,bw|snr=12|leads=1,bw,0.9292631664037729
inception_aug,1,bw|snr=12|leads=3,bw,0.9293052710115592
inception_aug,1,bw|snr=12|leads=6,bw,0.9289319487804173
inception_aug,1,bw|snr=6|leads=1,bw,0.9291714698582829
inception_aug,1,bw|snr=6|leads=3,bw,0.9288748322974285
inception_aug,1,bw|snr=6|leads=6,bw,0.9288762470367681
inception_aug,1,em|snr=0|leads=1,em,0.9274183267371576
inception_aug,1,em|snr=0|leads=3,em,0.9230803535352958
inception_aug,1,em|snr=0|leads=6,em,0.9181779298097634
inception_aug,1,em|snr=12|leads=1,em,0.9292371732607257
inception_aug,1,em|snr=12|leads=3,em,0.9291373878257193
inception_aug,1,em|snr=12|leads=6,em,0.9287905900014133
inception_aug,1,em|snr=6|leads=1,em,0.9288097005037207
inception_aug,1,em|snr=6|leads=3,em,0.927949481161306
inception_aug,1,em|snr=6|leads=6,em,0.9269024244287536
inception_aug,1,ma|snr=0|leads=1,ma,0.9285356924211501
inception_aug,1,ma|snr=0|leads=3,ma,0.9261522447596524
inception_aug,1,ma|snr=0|leads=6,ma,0.9203927095874068
inception_aug,1,ma|snr=12|leads=1,ma,0.9291274385774223
inception_aug,1,ma|snr=12|leads=3,ma,0.9292843095453147
inception_aug,1,ma|snr=12|leads=6,ma,0.9294166982415023
inception_aug,1,ma|snr=6|leads=1,ma,0.9288544619586204
inception_aug,1,ma|snr=6|leads=3,ma,0.928868111792412
inception_aug,1,ma|snr=6|leads=6,ma,0.9277069176673308
inception_aug,2,bw|snr=0|leads=1,bw,0.9278073598624845
inception_aug,2,bw|snr=0|leads=3,bw,0.9257418387168446
inception_aug,2,bw|snr=0|leads=6,bw,0.9228573831176149
inception_aug,2,bw|snr=12|leads=1,bw,0.9288633163752504
inception_aug,2,bw|snr=12|leads=3,bw,0.9288964413118765
inception_aug,2,bw|snr=12|leads=6,bw,0.9285443779284306
inception_aug,2,bw|snr=6|leads=1,bw,0.9288328774866063
inception_aug,2,bw|snr=6|leads=3,bw,0.9285813088809565
inception_aug,2,bw|snr=6|leads=6,bw,0.9283657138797489
inception_aug,2,em|snr=0|leads=1,em,0.9270768693276856
inception_aug,2,em|snr=0|leads=3,em,0.9212523909771229
inception_aug,2,em|snr=0|leads=6,em,0.9170458290165324
inception_aug,2,em|snr=12|leads=1,em,0.928911058394817
inception_aug,2,em|snr=12|leads=3,em,0.9286260363405455
inception_aug,2,em|snr=12|leads=6,em,0.9282983409915941
inception_aug,2,em|snr=6|leads=1,em,0.9284013884377711
inception_aug,2,em|snr=6|leads=3,em,0.9276432004872535
inception_aug,2,em|snr=6|leads=6,em,0.9265466007678022
inception_aug,2,ma|snr=0|leads=1,ma,0.9277073763402353
inception_aug,2,ma|snr=0|leads=3,ma,0.9252032849416063
inception_aug,2,ma|snr=0|leads=6,ma,0.9182471706711958
inception_aug,2,ma|snr=12|leads=1,ma,0.9288614935761759
inception_aug,2,ma|snr=12|leads=3,ma,0.9287355601999187
inception_aug,2,ma|snr=12|leads=6,ma,0.928707723233234
inception_aug,2,ma|snr=6|leads=1,ma,0.9283613448190504
inception_aug,2,ma|snr=6|leads=3,ma,0.92857894167714
inception_aug,2,ma|snr=6|leads=6,ma,0.9268058748386793
inception_clean,0,bw|snr=0|leads=1,bw,0.9227970156596724
inception_clean,0,bw|snr=0|leads=3,bw,0.9189866368449934
inception_clean,0,bw|snr=0|leads=6,bw,0.915471648542122
inception_clean,0,bw|snr=12|leads=1,bw,0.9239320144227225
inception_clean,0,bw|snr=12|leads=3,bw,0.9241530282807691
inception_clean,0,bw|snr=12|leads=6,bw,0.9237113354936106
inception_clean,0,bw|snr=6|leads=1,bw,0.9240160644064048
inception_clean,0,bw|snr=6|leads=3,bw,0.9229199871085461
inception_clean,0,bw|snr=6|leads=6,bw,0.9224299741954883
inception_clean,0,em|snr=0|leads=1,em,0.9211394581381732
inception_clean,0,em|snr=0|leads=3,em,0.913632021727716
inception_clean,0,em|snr=0|leads=6,em,0.9071425702494658
inception_clean,0,em|snr=12|leads=1,em,0.9239823231744719
inception_clean,0,em|snr=12|leads=3,em,0.9238665154276304
inception_clean,0,em|snr=12|leads=6,em,0.9230138302186903
inception_clean,0,em|snr=6|leads=1,em,0.923691769736583
inception_clean,0,em|snr=6|leads=3,em,0.921900513446821
inception_clean,0,em|snr=6|leads=6,em,0.9209849427612703
inception_clean,0,ma|snr=0|leads=1,ma,0.9215052478660859
inception_clean,0,ma|snr=0|leads=3,ma,0.9154948060471177
inception_clean,0,ma|snr=0|leads=6,ma,0.9080001161034194
inception_clean,0,ma|snr=12|leads=1,ma,0.9240573882239127
inception_clean,0,ma|snr=12|leads=3,ma,0.9239168776078175
inception_clean,0,ma|snr=12|leads=6,ma,0.9235806441499633
inception_clean,0,ma|snr=6|leads=1,ma,0.9233713422508746
inception_clean,0,ma|snr=6|leads=3,ma,0.9225100368947416
inception_clean,0,ma|snr=6|leads=6,ma,0.9204224249803676
inception_clean,1,bw|snr=0|leads=1,bw,0.9261656709864801
inception_clean,1,bw|snr=0|leads=3,bw,0.922030533948322
inception_clean,1,bw|snr=0|leads=6,bw,0.9174325458552456
inception_clean,1,bw|snr=12|leads=1,bw,0.9273505331837295
inception_clean,1,bw|snr=12|leads=3,bw,0.9277657058684852
inception_clean,1,bw|snr=12|leads=6,bw,0.9269860791771973
inception_clean,1,bw|snr=6|leads=1,bw,0.9271043107517661
inception_clean,1,bw|snr=6|leads=3,bw,0.9264238210332285
inception_clean,1,bw|snr=6|leads=6,bw,0.9256796789897427
inception_clean,1,em|snr=0|leads=1,em,0.9240797880951351
inception_clean,1,em|snr=0|leads=3,em,0.9168853795127674
inception_clean,1,em|snr=0|leads=6,em,0.9097137923941194
inception_clean,1,em|snr=12|leads=1,em,0.9272349794549232
inception_clean,1,em|snr=12|leads=3,em,0.9271144922956911
inception_clean,1,em|snr=12|leads=6,em,0.9265014117708061
inception_clean,1,em|snr=6|leads=1,em,0.9266587186252927
inception_clean,1,em|snr=6|leads=3,em,0.9253164947527293
inception_clean,1,em|snr=6|leads=6,em,0.9234689325429418
inception_clean,1,ma|snr=0|leads=1,ma,0.9249829762555433
inception_clean,1,ma|snr=0|leads=3,ma,0.9185456346584578
inception_clean,1,ma|snr=0|leads=6,ma,0.9086549842314794
inception_clean,1,ma|snr=12|leads=1,ma,0.9272061470903854
inception_clean,1,ma|snr=12|leads=3,ma,0.9271204775238786
inception_clean,1,ma|snr=12|leads=6,ma,0.9264656816610681
inception_clean,1,ma|snr=6|leads=1,ma,0.9262709137107624
inception_clean,1,ma|snr=6|leads=3,ma,0.9258454596857002
inception_clean,1,ma|snr=6|leads=6,ma,0.9226393893139114
inception_clean,2,bw|snr=0|leads=1,bw,0.9244240069045331
inception_clean,2,bw|snr=0|leads=3,bw,0.919760599323584
inception_clean,2,bw|snr=0|leads=6,bw,0.91204444571578
inception_clean,2,bw|snr=12|leads=1,bw,0.9264802256294973
inception_clean,2,bw|snr=12|leads=3,bw,0.926533083889821
inception_clean,2,bw|snr=12|leads=6,bw,0.9260024292305271
inception_clean,2,bw|snr=6|leads=1,bw,0.9263696604478998
inception_clean,2,bw|snr=6|leads=3,bw,0.9255665451731394
inception_clean,2,bw|snr=6|leads=6,bw,0.924011721576975
inception_clean,2,em|snr=0|leads=1,em,0.9229500841341751
inception_clean,2,em|snr=0|leads=3,em,0.9113692814865603
inception_clean,2,em|snr=0|leads=6,em,0.9039709017177554
inception_clean,2,em|snr=12|leads=1,em,0.9261491436065633
inception_clean,2,em|snr=12|leads=3,em,0.9262873032405601
inception_clean,2,em|snr=12|leads=6,em,0.9255949924179326
inception_clean,2,em|snr=6|leads=1,em,0.9255167952068515
inception_clean,2,em|snr=6|leads=3,em,0.9242674719599691
inception_clean,2,em|snr=6|leads=6,em,0.9236780527818148
inception_clean,2,ma|snr=0|leads=1,ma,0.9246913331810294
inception_clean,2,ma|snr=0|leads=3,ma,0.9166345816678808
inception_clean,2,ma|snr=0|leads=6,ma,0.898100496163784
inception_clean,2,ma|snr=12|leads=1,ma,0.926323819215827
inception_clean,2,ma|snr=12|leads=3,ma,0.9264672918005047
inception_clean,2,ma|snr=12|leads=6,ma,0.9261364069355702
inception_clean,2,ma|snr=6|leads=1,ma,0.9254240163981328
inception_clean,2,ma|snr=6|leads=3,ma,0.9250419857090579
inception_clean,2,ma|snr=6|leads=6,ma,0.9208384576991125
resnet_aug,0,bw|snr=0|leads=1,bw,0.9274386602288388
resnet_aug,0,bw|snr=0|leads=3,bw,0.9259161030838902
resnet_aug,0,bw|snr=0|leads=6,bw,0.9224989674032049
resnet_aug,0,bw|snr=12|leads=1,bw,0.9282669015799565
resnet_aug,0,bw|snr=12|leads=3,bw,0.9285697647260246
resnet_aug,0,bw|snr=12|leads=6,bw,0.9282571942221454
resnet_aug,0,bw|snr=6|leads=1,bw,0.9283879358903796
resnet_aug,0,bw|snr=6|leads=3,bw,0.9285336221371792
resnet_aug,0,bw|snr=6|leads=6,bw,0.9281458353456185
resnet_aug,0,em|snr=0|leads=1,em,0.9257917316781269
resnet_aug,0,em|snr=0|leads=3,em,0.921357810815756
resnet_aug,0,em|snr=0|leads=6,em,0.9130661809214635
resnet_aug,0,em|snr=12|leads=1,em,0.9285727902807352
resnet_aug,0,em|snr=12|leads=3,em,0.9282769876668698
resnet_aug,0,em|snr=12|leads=6,em,0.9280265887896583
resnet_aug,0,em|snr=6|leads=1,em,0.9280874014711269
resnet_aug,0,em|snr=6|leads=3,em,0.9279462762702279
resnet_aug,0,em|snr=6|leads=6,em,0.9258730460198554
resnet_aug,0,ma|snr=0|leads=1,ma,0.9284489388850383
resnet_aug,0,ma|snr=0|leads=3,ma,0.9256810734752527
resnet_aug,0,ma|snr=0|leads=6,ma,0.9193836660595549
resnet_aug,0,ma|snr=12|leads=1,ma,0.9282176862955103
resnet_aug,0,ma|snr=12|leads=3,ma,0.9285612537537755
resnet_aug,0,ma|snr=12|leads=6,ma,0.9282565116126449
resnet_aug,0,ma|snr=6|leads=1,ma,0.9282471503602571
resnet_aug,0,ma|snr=6|leads=3,ma,0.928241137195225
resnet_aug,0,ma|snr=6|leads=6,ma,0.9278102738135153
resnet_aug,1,bw|snr=0|leads=1,bw,0.9286799545724598
resnet_aug,1,bw|snr=0|leads=3,bw,0.9274952970137921
resnet_aug,1,bw|snr=0|leads=6,bw,0.9223561277197033
resnet_aug,1,bw|snr=12|leads=1,bw,0.9300112485350363
resnet_aug,1,bw|snr=12|leads=3,bw,0.9299632804603499
resnet_aug,1,bw|snr=12|leads=6,bw,0.9296566491259677
resnet_aug,1,bw|snr=6|leads=1,bw,0.9300495877974807
resnet_aug,1,bw|snr=6|leads=3,bw,0.9298762864496155
resnet_aug,1,bw|snr=6|leads=6,bw,0.9290192377908799
resnet_aug,1,em|snr=0|leads=1,em,0.9274500229622176
resnet_aug,1,em|snr=0|leads=3,em,0.9220968914250001
resnet_aug,1,em|snr=0|leads=6,em,0.9121532714337063
resnet_aug,1,em|snr=12|leads=1,em,0.9301120475258635
resnet_aug,1,em|snr=12|leads=3,em,0.9299701285596214
resnet_aug,1,em|snr=12|leads=6,em,0.9294561778074428
resnet_aug,1,em|snr=6|leads=1,em,0.9298306562262454
resnet_aug,1,em|snr=6|leads=3,em,0.9293987062706233
resnet_aug,1,em|snr=6|leads=6,em,0.9277637050995367
resnet_aug,1,ma|snr=0|leads=1,ma,0.9296160756626474
resnet_aug,1,ma|snr=0|leads=3,ma,0.9259380799057206
resnet_aug,1,ma|snr=0|leads=6,ma,0.9200550025952225
resnet_aug,1,ma|snr=12|leads=1,ma,0.9300273427593047
resnet_aug,1,ma|snr=12|leads=3,ma,0.9301039446833619
resnet_aug,1,ma|snr=12|leads=6,ma,0.9296930771333063
resnet_aug,1,ma|snr=6|leads=1,ma,0.9300910229475834
resnet_aug,1,ma|snr=6|leads=3,ma,0.929243917250474
resnet_aug,1,ma|snr=6|leads=6,ma,0.9289835932622857
resnet_aug,2,bw|snr=0|leads=1,bw,0.9289074563604764
resnet_aug,2,bw|snr=0|leads=3,bw,0.9272335607620124
resnet_aug,2,bw|snr=0|leads=6,bw,0.9233737348293829
resnet_aug,2,bw|snr=12|leads=1,bw,0.9297922737316551
resnet_aug,2,bw|snr=12|leads=3,bw,0.9298562253248178
resnet_aug,2,bw|snr=12|leads=6,bw,0.9296766869729577
resnet_aug,2,bw|snr=6|leads=1,bw,0.9299056764512867
resnet_aug,2,bw|snr=6|leads=3,bw,0.9296635405732913
resnet_aug,2,bw|snr=6|leads=6,bw,0.9291505832770159
resnet_aug,2,em|snr=0|leads=1,em,0.9273716934532679
resnet_aug,2,em|snr=0|leads=3,em,0.9225554330200125
resnet_aug,2,em|snr=0|leads=6,em,0.914198119613844
resnet_aug,2,em|snr=12|leads=1,em,0.9298850394958137
resnet_aug,2,em|snr=12|leads=3,em,0.9294379639026106
resnet_aug,2,em|snr=12|leads=6,em,0.9288525734901578
resnet_aug,2,em|snr=6|leads=1,em,0.9293494982648032
resnet_aug,2,em|snr=6|leads=3,em,0.9293406851283772
resnet_aug,2,em|snr=6|leads=6,em,0.9273145451175943
resnet_aug,2,ma|snr=0|leads=1,ma,0.9300516046672372
resnet_aug,2,ma|snr=0|leads=3,ma,0.9268951874506784
resnet_aug,2,ma|snr=0|leads=6,ma,0.9226292282629271
resnet_aug,2,ma|snr=12|leads=1,ma,0.9296221012662255
resnet_aug,2,ma|snr=12|leads=3,ma,0.929817119897062
resnet_aug,2,ma|snr=12|leads=6,ma,0.9297478628289717
resnet_aug,2,ma|snr=6|leads=1,ma,0.9294615893924579
resnet_aug,2,ma|snr=6|leads=3,ma,0.9298312438018546
resnet_aug,2,ma|snr=6|leads=6,ma,0.9294114756007346
resnet_clean,0,bw|snr=0|leads=1,bw,0.9263805943553045
resnet_clean,0,bw|snr=0|leads=3,bw,0.919888352054944
resnet_clean,0,bw|snr=0|leads=6,bw,0.9108520441548809
resnet_clean,0,bw|snr=12|leads=1,bw,0.9286548921239769
resnet_clean,0,bw|snr=12|leads=3,bw,0.9289580239635571
resnet_clean,0,bw|snr=12|leads=6,bw,0.9278147463522863
resnet_clean,0,bw|snr=6|leads=1,bw,0.9283174677294328
resnet_clean,0,bw|snr=6|leads=3,bw,0.9271444904867814
resnet_clean,0,bw|snr=6|leads=6,bw,0.9255187526955702
resnet_clean,0,em|snr=0|leads=1,em,0.922523165830882
resnet_clean,0,em|snr=0|leads=3,em,0.9144014331130645
resnet_clean,0,em|snr=0|leads=6,em,0.901642619254571
resnet_clean,0,em|snr=12|leads=1,em,0.9287874253117753
resnet_clean,0,em|snr=12|leads=3,em,0.928515229525213
resnet_clean,0,em|snr=12|leads=6,em,0.9268014209455122
resnet_clean,0,em|snr=6|leads=1,em,0.9274521771064119
resnet_clean,0,em|snr=6|leads=3,em,0.9264008069225703
resnet_clean,0,em|snr=6|leads=6,em,0.9224907538165116
resnet_clean,0,ma|snr=0|leads=1,ma,0.927335321976867
resnet_clean,0,ma|snr=0|leads=3,ma,0.9210234323186597
resnet_clean,0,ma|snr=0|leads=6,ma,0.9095611354459505
resnet_clean,0,ma|snr=12|leads=1,ma,0.9285695572451604
resnet_clean,0,ma|snr=12|leads=3,ma,0.9282326312539613
resnet_clean,0,ma|snr=12|leads=6,ma,0.92786226378636
resnet_clean,0,ma|snr=6|leads=1,ma,0.9280894075941533
resnet_clean,0,ma|snr=6|leads=3,ma,0.9271626073168105
resnet_clean,0,ma|snr=6|leads=6,ma,0.9248245763344836
resnet_clean,1,bw|snr=0|leads=1,bw,0.9227320200440119
resnet_clean,1,bw|snr=0|leads=3,bw,0.9195067766293507
resnet_clean,1,bw|snr=0|leads=6,bw,0.9129874734528027
resnet_clean,1,bw|snr=12|leads=1,bw,0.9258227053995227
resnet_clean,1,bw|snr=12|leads=3,bw,0.9257720432173178
resnet_clean,1,bw|snr=12|leads=6,bw,0.9252090884269538
resnet_clean,1,bw|snr=6|leads=1,bw,0.925551332986724
resnet_clean,1,bw|snr=6|leads=3,bw,0.923752520059022
resnet_clean,1,bw|snr=6|leads=6,bw,0.9228774414215035
resnet_clean,1,em|snr=0|leads=1,em,0.9202776013344469
resnet_clean,1,em|snr=0|leads=3,em,0.9147250138139406
resnet_clean,1,em|snr=0|leads=6,em,0.9071977636524945
resnet_clean,1,em|snr=12|leads=1,em,0.9255733939743168
resnet_clean,1,em|snr=12|leads=3,em,0.9250627299382377
resnet_clean,1,em|snr=12|leads=6,em,0.9237698837901093
resnet_clean,1,em|snr=6|leads=1,em,0.9251216564132214
resnet_clean,1,em|snr=6|leads=3,em,0.9233080235824964
resnet_clean,1,em|snr=6|leads=6,em,0.9202607731695585
resnet_clean,1,ma|snr=0|leads=1,ma,0.9237156865739621
resnet_clean,1,ma|snr=0|leads=3,ma,0.9195347821720838
resnet_clean,1,ma|snr=0|leads=6,ma,0.913361919510612
resnet_clean,1,ma|snr=12|leads=1,ma,0.925593272782009
resnet_clean,1,ma|snr=12|leads=3,ma,0.9253854819692433
resnet_clean,1,ma|snr=12|leads=6,ma,0.9250204536993719
resnet_clean,1,ma|snr=6|leads=1,ma,0.9251597564225543
resnet_clean,1,ma|snr=6|leads=3,ma,0.9243434819373062
resnet_clean,1,ma|snr=6|leads=6,ma,0.9225996426577121
resnet_clean,2,bw|snr=0|leads=1,bw,0.9249904465631923
resnet_clean,2,bw|snr=0|leads=3,bw,0.9207532406931648
resnet_clean,2,bw|snr=0|leads=6,bw,0.9127936865030462
resnet_clean,2,bw|snr=12|leads=1,bw,0.9276174364072997
resnet_clean,2,bw|snr=12|leads=3,bw,0.9278048384371566
resnet_clean,2,bw|snr=12|leads=6,bw,0.9267263236313245
resnet_clean,2,bw|snr=6|leads=1,bw,0.9277400591758657
resnet_clean,2,bw|snr=6|leads=3,bw,0.9265943740203021
resnet_clean,2,bw|snr=6|leads=6,bw,0.9247363992014176
resnet_clean,2,em|snr=0|leads=1,em,0.9227614337465775
resnet_clean,2,em|snr=0|leads=3,em,0.9170930885042505
resnet_clean,2,em|snr=0|leads=6,em,0.9097727114390775
resnet_clean,2,em|snr=12|leads=1,em,0.9277482161770261
resnet_clean,2,em|snr=12|leads=3,em,0.9273771143412196
resnet_clean,2,em|snr=12|leads=6,em,0.9263771263667774
resnet_clean,2,em|snr=6|leads=1,em,0.9267247553134641
resnet_clean,2,em|snr=6|leads=3,em,0.9254602176076832
resnet_clean,2,em|snr=6|leads=6,em,0.923237439802997
resnet_clean,2,ma|snr=0|leads=1,ma,0.9259820392087859
resnet_clean,2,ma|snr=0|leads=3,ma,0.9200586314591362
resnet_clean,2,ma|snr=0|leads=6,ma,0.9134655094932483
resnet_clean,2,ma|snr=12|leads=1,ma,0.9274861120402159
resnet_clean,2,ma|snr=12|leads=3,ma,0.9272912621023964
resnet_clean,2,ma|snr=12|leads=6,ma,0.9272262390013154
resnet_clean,2,ma|snr=6|leads=1,ma,0.9270585862722479
resnet_clean,2,ma|snr=6|leads=3,ma,0.9257201553281907
resnet_clean,2,ma|snr=6|leads=6,ma,0.9243209730243589
tx_full,0,bw|snr=0|leads=1,bw,0.9182041256428549
tx_full,0,bw|snr=0|leads=3,bw,0.9159396637398535
tx_full,0,bw|snr=0|leads=6,bw,0.9135385068476809
tx_full,0,bw|snr=12|leads=1,bw,0.920131752900093
tx_full,0,bw|snr=12|leads=3,bw,0.920707368584895
tx_full,0,bw|snr=12|leads=6,bw,0.920580502954105
tx_full,0,bw|snr=6|leads=1,bw,0.9206676875189033
tx_full,0,bw|snr=6|leads=3,bw,0.9186942663904055
tx_full,0,bw|snr=6|leads=6,bw,0.9182981061745854
tx_full,0,em|snr=0|leads=1,em,0.9178471270529815
tx_full,0,em|snr=0|leads=3,em,0.9093653165194654
tx_full,0,em|snr=0|leads=6,em,0.8976563177920168
tx_full,0,em|snr=12|leads=1,em,0.9209563143259671
tx_full,0,em|snr=12|leads=3,em,0.9198878554252652
tx_full,0,em|snr=12|leads=6,em,0.9192649638563213
tx_full,0,em|snr=6|leads=1,em,0.9186926342687618
tx_full,0,em|snr=6|leads=3,em,0.9196772025046815
tx_full,0,em|snr=6|leads=6,em,0.91553424629072
tx_full,0,ma|snr=0|leads=1,ma,0.9192380645664624
tx_full,0,ma|snr=0|leads=3,ma,0.9152499969595427
tx_full,0,ma|snr=0|leads=6,ma,0.9119479329884272
tx_full,0,ma|snr=12|leads=1,ma,0.9204380098968393
tx_full,0,ma|snr=12|leads=3,ma,0.9210141319152744
tx_full,0,ma|snr=12|leads=6,ma,0.9205406426002668
tx_full,0,ma|snr=6|leads=1,ma,0.92111068427763
tx_full,0,ma|snr=6|leads=3,ma,0.9192756168760632
tx_full,0,ma|snr=6|leads=6,ma,0.9171852720508525
tx_full,1,bw|snr=0|leads=1,bw,0.9202440412189213
tx_full,1,bw|snr=0|leads=3,bw,0.9181951227839307
tx_full,1,bw|snr=0|leads=6,bw,0.9161535337608772
tx_full,1,bw|snr=12|leads=1,bw,0.9220537129873543
tx_full,1,bw|snr=12|leads=3,bw,0.9215216413675946
tx_full,1,bw|snr=12|leads=6,bw,0.9215447674881749
tx_full,1,bw|snr=6|leads=1,bw,0.9213738416780831
tx_full,1,bw|snr=6|leads=3,bw,0.921220891668448
tx_full,1,bw|snr=6|leads=6,bw,0.9205166769086791
tx_full,1,em|snr=0|leads=1,em,0.920218886377028
tx_full,1,em|snr=0|leads=3,em,0.9114756731642231
tx_full,1,em|snr=0|leads=6,em,0.9041228877636656
tx_full,1,em|snr=12|leads=1,em,0.9220813208690878
tx_full,1,em|snr=12|leads=3,em,0.9211002224533387
tx_full,1,em|snr=12|leads=6,em,0.9210046998546746
tx_full,1,em|snr=6|leads=1,em,0.9223365848426062
tx_full,1,em|snr=6|leads=3,em,0.9193336972715936
tx_full,1,em|snr=6|leads=6,em,0.9165849697182411
tx_full,1,ma|snr=0|leads=1,ma,0.920799005467115
tx_full,1,ma|snr=0|leads=3,ma,0.9188103925365171
tx_full,1,ma|snr=0|leads=6,ma,0.9123667269941755
tx_full,1,ma|snr=12|leads=1,ma,0.9218423037263227
tx_full,1,ma|snr=12|leads=3,ma,0.922134682027733
tx_full,1,ma|snr=12|leads=6,ma,0.9215911541916808
tx_full,1,ma|snr=6|leads=1,ma,0.921518047151074
tx_full,1,ma|snr=6|leads=3,ma,0.9203342350880085
tx_full,1,ma|snr=6|leads=6,ma,0.9205704682645679
tx_full,2,bw|snr=0|leads=1,bw,0.917612838952165
tx_full,2,bw|snr=0|leads=3,bw,0.9141541133168672
tx_full,2,bw|snr=0|leads=6,bw,0.9114703927889733
tx_full,2,bw|snr=12|leads=1,bw,0.917825606342537
tx_full,2,bw|snr=12|leads=3,bw,0.9188424776945741
tx_full,2,bw|snr=12|leads=6,bw,0.9179209837372854
tx_full,2,bw|snr=6|leads=1,bw,0.9185689166945934
tx_full,2,bw|snr=6|leads=3,bw,0.918341523268106
tx_full,2,bw|snr=6|leads=6,bw,0.919221957067532
tx_full,2,em|snr=0|leads=1,em,0.9160691489135674
tx_full,2,em|snr=0|leads=3,em,0.9087997793759545
tx_full,2,em|snr=0|leads=6,em,0.8991965365365664
tx_full,2,em|snr=12|leads=1,em,0.918356703115896
tx_full,2,em|snr=12|leads=3,em,0.9176669279480419
tx_full,2,em|snr=12|leads=6,em,0.9174323354868672
tx_full,2,em|snr=6|leads=1,em,0.9180072021871336
tx_full,2,em|snr=6|leads=3,em,0.9163927824701332
tx_full,2,em|snr=6|leads=6,em,0.9136204760359512
tx_full,2,ma|snr=0|leads=1,ma,0.9173793727223506
tx_full,2,ma|snr=0|leads=3,ma,0.9142843641748584
tx_full,2,ma|snr=0|leads=6,ma,0.9114189603063749
tx_full,2,ma|snr=12|leads=1,ma,0.917963885814005
tx_full,2,ma|snr=12|leads=3,ma,0.9181567867042648
tx_full,2,ma|snr=12|leads=6,ma,0.9187280649144167
tx_full,2,ma|snr=6|leads=1,ma,0.9179058097956263
tx_full,2,ma|snr=6|leads=3,ma,0.9168619176827276
tx_full,2,ma|snr=6|leads=6,ma,0.917766089489743
