config,k,pre,post,delta,ci95_lo,ci95_hi
cnn_full_leadwise_cleanfrac20,2,0.9204440912999569,0.922939708505244,0.002495617205287622,0.0016094350903604596,0.0033400970393220046
cnn_full_leadwise_cleanfrac20,4,0.9121649630978158,0.9169732964759123,0.004808333378096637,0.0032709068177150906,0.0063654077340913485
cnn_full_leadwise_cleanfrac20,6,0.9005765867697838,0.9073916337546407,0.006815046984856947,0.004819101019038104,0.008907018212479764
cnn_full_leadwise_cleanfrac20,8,0.8653675291773353,0.8784058097230906,0.01303828054575519,0.010370001367732742,0.015922253032566808
cnn_full_leadwise_cleanfrac20,10,0.7498305642931999,0.7911515434093785,0.04132097911617871,0.037982802414889265,0.04513449695670431
cnn_full,2,0.9210990567371781,0.9230880433941198,0.0019889866569417825,0.0011239928201147056,0.0028094176892602485
cnn_full,4,0.9141637510578678,0.9178378366750564,0.0036740856171885235,0.0021056208712918927,0.0052298488371877935
cnn_full,6,0.9041890315758783,0.9083393222673123,0.004150290691434059,0.0022663251906421206,0.006231730647340001
cnn_full,8,0.8705541255688123,0.8802698150421171,0.009715689473304766,0.007068028469387394,0.012687181543553286
cnn_full,10,0.7640400555780297,0.7911135445492797,0.02707348897124996,0.023762471690876585,0.03099528031251386
