k,contrast,delta,lo,hi,per_seed
2,pre_minus_aug,-0.0022301101897427215,-0.004577889951209234,-7.942846166574905e-05,-0.00353;-0.00050;-0.00266
2,oracle_minus_aug,0.0002655070155449006,-0.002198046192312345,0.002668373899081082,-0.00150;0.00246;-0.00016
2,pred_minus_aug,-0.00011555024522308753,-0.002506206960237314,0.00224447994670252,-0.00182;0.00210;-0.00063
4,pre_minus_aug,-0.0022123859950624676,-0.004415544023320145,-0.00016037961063806446,-0.00362;0.00082;-0.00385
4,oracle_minus_aug,0.0025959473830341694,0.00014139425438886523,0.005143102300648364,0.00072;0.00560;0.00146
4,pred_minus_aug,0.0019227790385536458,-0.0006581054698832939,0.004493230983493749,0.00003;0.00503;0.00071
6,pre_minus_aug,-0.0017062763985285464,-0.0039973763775261895,0.00043156906593802644,-0.00452;0.00336;-0.00396
6,oracle_minus_aug,0.0051087705863284,0.0022669167023954082,0.008052558163863351,0.00222;0.00971;0.00340
6,pred_minus_aug,0.00418739578600628,0.0015428262095300268,0.007110163465065255,0.00153;0.00880;0.00223
8,pre_minus_aug,-0.004940092952492907,-0.007971332339882169,-0.002510546479505172,-0.00861;0.00126;-0.00747
8,oracle_minus_aug,0.008098187593262285,0.004455072676557762,0.011401613119796707,0.00408;0.01323;0.00699
8,pred_minus_aug,0.006997385872192667,0.003461736331663733,0.010292314028940729,0.00304;0.01219;0.00576
10,pre_minus_aug,-0.027770341250277233,-0.03233432975822355,-0.02340825657719756,-0.02849;-0.02212;-0.03270
10,oracle_minus_aug,0.01355063786590148,0.009347232113708333,0.01783261307409253,0.00721;0.02142;0.01203
10,pred_minus_aug,0.01216304967216047,0.00800841315653275,0.016429431677630627,0.00620;0.02023;0.01006
