k,mask,delta,lo,hi,per_seed,sens,frr
2,oracle,0.002495617205287622,0.0016094350903604596,0.0033400970393220046,0.00203;0.00297;0.00249,1.0,0.04834414581402533
2,pred,0.002114559944519634,0.0012067535755048147,0.003053244118816127,0.00171;0.00261;0.00203,1.0,0.04834414581402533
4,oracle,0.004808333378096637,0.0032709068177150906,0.0063654077340913485,0.00434;0.00478;0.00531,1.0,0.04782978066110597
4,pred,0.004135165033616113,0.00262237003451381,0.0057237331239050355,0.00365;0.00420;0.00456,1.0,0.04782978066110597
6,oracle,0.006815046984856947,0.004819101019038104,0.008907018212479764,0.00673;0.00635;0.00736,1.0,0.047919884666872616
6,pred,0.005893672184534827,0.003938839707359355,0.008032239327220348,0.00604;0.00545;0.00619,1.0,0.047919884666872616
8,oracle,0.01303828054575519,0.010370001367732742,0.015922253032566808,0.01269;0.01197;0.01446,1.0,0.04835495829471733
8,pred,0.011937478824685573,0.009066947632281983,0.014792357107550596,0.01166;0.01093;0.01323,1.0,0.04835495829471733
10,oracle,0.04132097911617871,0.037982802414889265,0.04513449695670431,0.03570;0.04353;0.04473,1.0,0.04610750695088044
10,pred,0.03993339092243771,0.036662595874264604,0.043692737448618096,0.03469;0.04235;0.04276,1.0,0.04610750695088044
