condition,tau,frac_gated,frac_corrupted,precision,recall
clean,tau,0.04814128308104212,0.0,0.0,0.0
clean,t05,0.03992894655545258,0.0,0.0,0.0
multireal,tau,0.4689347132118216,0.5296725362990423,0.9515791669640358,0.8424610928037483
multireal,t05,0.45962825661620843,0.5296725362990423,0.9593531909173397,0.8324876303792055
nstdb_em_ma,tau,0.16295738509593932,0.2777777777777778,0.7870430100448926,0.4617160951498301
nstdb_em_ma,t05,0.14772694767674688,0.2777777777777778,0.8048446357083731,0.42803006899392443
bw|k=0|s=0.0|bw=1.0,tau,0.043010503552672226,0.0,0.0,0.0
bw|k=0|s=0.0|bw=1.0,t05,0.034393986201215115,0.0,0.0,0.0
joint|k=2|s=0.25|bw=0.0,tau,0.9997116671815467,1.0,1.0,0.9997116671815467
joint|k=2|s=0.25|bw=0.0,t05,0.9995520543713314,1.0,1.0,0.9995520543713314
joint|k=4|s=0.25|bw=0.0,tau,0.9997786015858305,1.0,1.0,0.9997786015858305
joint|k=4|s=0.25|bw=0.0,t05,0.999665327978581,1.0,1.0,0.999665327978581
missing|k=8|s=0.0|bw=0.0,tau,0.6827849860982391,0.6666666666666666,0.9763932720259708,1.0
missing|k=8|s=0.0|bw=0.0,t05,0.6800844403254042,0.6666666666666666,0.9802704298714474,1.0
noise|k=0|s=0.1|bw=0.0,tau,0.9669781690866028,1.0,1.0,0.9669781690866028
noise|k=0|s=0.1|bw=0.0,t05,0.9565055092163526,1.0,1.0,0.9565055092163526
noise|k=0|s=0.25|bw=0.0,tau,0.9996395839769334,1.0,1.0,0.9996395839769334
noise|k=0|s=0.25|bw=0.0,t05,0.9995263103696839,1.0,1.0,0.9995263103696839
noise|k=0|s=0.5|bw=0.0,tau,0.9995211615693543,1.0,1.0,0.9995211615693543
noise|k=0|s=0.5|bw=0.0,t05,0.9994490783647411,1.0,1.0,0.9994490783647411
