classifier,tau,condition,plain_auroc,delta,ci95_lo,ci95_hi,ci975_lo,ci975_hi,n_keys,status
cnn_diagonly_aug,tau,clean,0.9288586086261339,-0.0024368925296719413,-0.003713960424485435,-0.0011897911330574285,-0.0038926956534125587,-0.000984653152652597,1,SECONDARY round 4
cnn_diagonly_aug,tau,multireal,0.9210251867257204,-0.026344187033801023,-0.029163091821626318,-0.023454087901123747,-0.029523621624618957,-0.02321521838696599,5,SECONDARY round 4
cnn_diagonly_aug,tau,nstdb_em_ma,0.9267612799719992,-0.006700771863549615,-0.008146788089154202,-0.00504922459228747,-0.008350944524432113,-0.004850196305894777,18,SECONDARY round 4
cnn_diagonly_aug,tau,bw|k=0|s=0.0|bw=1.0,0.9226226809710937,-0.0019505274753570667,-0.0032451588369189063,-0.0007559415959772838,-0.003415269635005275,-0.0005980206987838997,5,SECONDARY round 4
cnn_diagonly_aug,tau,joint|k=2|s=0.25|bw=0.0,0.9219549836959309,-0.423110564712208,-0.4303496488994112,-0.41557588487081626,-0.43135857523974863,-0.4143997579910497,5,SECONDARY round 4
cnn_diagonly_aug,tau,joint|k=4|s=0.25|bw=0.0,0.9143722318830955,-0.415475706213281,-0.42297871870850295,-0.40760319539403683,-0.4237759261327216,-0.4064595672037738,5,SECONDARY round 4
cnn_diagonly_aug,tau,missing|k=8|s=0.0|bw=0.0,0.8703076221298282,-0.005600252385275876,-0.007106759917672665,-0.003910579618918156,-0.0073403979441276,-0.003664400389274449,5,SECONDARY round 4
cnn_diagonly_aug,tau,noise|k=0|s=0.1|bw=0.0,0.9285860388413293,-0.38587689482318693,-0.3953437119970129,-0.3764908149088373,-0.39658554117424777,-0.37550713359677146,5,SECONDARY round 4
cnn_diagonly_aug,tau,noise|k=0|s=0.25|bw=0.0,0.9269375865574062,-0.4278541685882254,-0.43511053470128436,-0.42033780014226607,-0.4362177492272743,-0.41907498544477634,5,SECONDARY round 4
cnn_diagonly_aug,tau,noise|k=0|s=0.5|bw=0.0,0.9178582795823025,-0.41901924475410857,-0.42657184017130856,-0.4115874005192189,-0.4274460732191829,-0.40998594705369273,5,SECONDARY round 4
cnn_diagonly_aug,t05,clean,0.9288586086261339,-0.0019156782595072253,-0.003127454456213414,-0.0007790754848194833,-0.0032872392086391537,-0.0006061000201264541,1,SECONDARY round 4
cnn_diagonly_aug,t05,multireal,0.9210251867257204,-0.024645075229965164,-0.027293853390637567,-0.02185072287791021,-0.027791760091516324,-0.021570016825254366,5,SECONDARY round 4
cnn_diagonly_aug,t05,nstdb_em_ma,0.9267612799719992,-0.005553794580788272,-0.006934627454523346,-0.004068870698537461,-0.007126330931656401,-0.003849759401024734,18,SECONDARY round 4
cnn_diagonly_aug,t05,bw|k=0|s=0.0|bw=1.0,0.9226226809710937,-0.0012313924197069484,-0.0023813191331103563,-0.00013621027541529425,-0.0025109300934305803,-3.705886201749926e-05,5,SECONDARY round 4
cnn_diagonly_aug,t05,joint|k=2|s=0.25|bw=0.0,0.9219549836959309,-0.42289861532418577,-0.43015530320275364,-0.4152101471881043,-0.431021474747429,-0.4141438577532515,5,SECONDARY round 4
cnn_diagonly_aug,t05,joint|k=4|s=0.25|bw=0.0,0.9143722318830955,-0.4152278049966945,-0.4226732538195964,-0.40766166761437744,-0.42350638847230193,-0.4060360822695389,5,SECONDARY round 4
cnn_diagonly_aug,t05,missing|k=8|s=0.0|bw=0.0,0.8703076221298282,-0.00436458177161867,-0.005809027403193853,-0.0028401949860304876,-0.006004665268691249,-0.0026395787114991583,5,SECONDARY round 4
cnn_diagonly_aug,t05,noise|k=0|s=0.1|bw=0.0,0.9285860388413293,-0.3720269945780701,-0.3822965536803995,-0.3615388800490413,-0.38390004257330895,-0.36046744701939254,5,SECONDARY round 4
cnn_diagonly_aug,t05,noise|k=0|s=0.25|bw=0.0,0.9269375865574062,-0.42745251254735245,-0.43462102524414026,-0.41978173422577,-0.4357525056771684,-0.4187265298992004,5,SECONDARY round 4
cnn_diagonly_aug,t05,noise|k=0|s=0.5|bw=0.0,0.9178582795823025,-0.4187139381032683,-0.42625402530689105,-0.4111661803207694,-0.42707297877505135,-0.4096462135459532,5,SECONDARY round 4
resnet_aug,tau,clean,0.9293673831062549,-0.00258952823517559,-0.00378263577275154,-0.001330472049292787,-0.00395461951895108,-0.0011567972819919335,1,SECONDARY round 4
resnet_aug,tau,multireal,0.9220756779928179,-0.027399593338536168,-0.03044753192749522,-0.02452782395216496,-0.03058779093284409,-0.024083772884576166,5,SECONDARY round 4
resnet_aug,tau,nstdb_em_ma,0.9269926506209146,-0.006824343987495088,-0.008467163161786367,-0.005065425560295428,-0.008743913876378117,-0.00479176890258108,18,SECONDARY round 4
resnet_aug,tau,bw|k=0|s=0.0|bw=1.0,0.9178546659462222,-0.002073007422885357,-0.003302616657988682,-0.0008758720182283339,-0.003480661429799923,-0.0007292971849164107,5,SECONDARY round 4
resnet_aug,tau,joint|k=2|s=0.25|bw=0.0,0.9212328554957603,-0.4205362362604774,-0.42751801168487225,-0.41319366046733735,-0.4280512891541304,-0.4123928776751861,5,SECONDARY round 4
resnet_aug,tau,joint|k=4|s=0.25|bw=0.0,0.9137716565150927,-0.4131237453117144,-0.4203816523646285,-0.4056223338012012,-0.4213163574504824,-0.40504888697157065,5,SECONDARY round 4
resnet_aug,tau,missing|k=8|s=0.0|bw=0.0,0.8677533111133408,-0.006532017139272516,-0.008160845387545997,-0.004893003783035577,-0.008530023691039546,-0.004704641567802157,5,SECONDARY round 4
resnet_aug,tau,noise|k=0|s=0.1|bw=0.0,0.9290754534862824,-0.37805603950257183,-0.38728103207117,-0.3690785186006816,-0.3887416765484247,-0.36839608702791965,5,SECONDARY round 4
resnet_aug,tau,noise|k=0|s=0.25|bw=0.0,0.9268454208461957,-0.42614534557919986,-0.43331485345663295,-0.4190795634972944,-0.4340298636983756,-0.41801245539296844,5,SECONDARY round 4
resnet_aug,tau,noise|k=0|s=0.5|bw=0.0,0.9137734393912762,-0.41275599275387126,-0.4202551889746209,-0.40522420915111823,-0.42103653593871665,-0.4042595611621907,5,SECONDARY round 4
resnet_aug,t05,clean,0.9293673831062549,-0.0020649485260825218,-0.0030757659503992886,-0.0009476342865584778,-0.0032228242775094447,-0.0008098086428760807,1,SECONDARY round 4
resnet_aug,t05,multireal,0.9220756779928179,-0.025477151000834794,-0.028279629111932027,-0.02267341626355968,-0.02857950896654619,-0.022379857735631815,5,SECONDARY round 4
resnet_aug,t05,nstdb_em_ma,0.9269926506209146,-0.005667177350520245,-0.0071300798789686905,-0.004155429130012825,-0.007435321041532132,-0.00380777260180402,18,SECONDARY round 4
resnet_aug,t05,bw|k=0|s=0.0|bw=1.0,0.9178546659462222,-0.0013729508246982823,-0.002504345699882379,-0.00032121561077706913,-0.002640124144090625,-0.00015128703698262148,5,SECONDARY round 4
resnet_aug,t05,joint|k=2|s=0.25|bw=0.0,0.9212328554957603,-0.41985475307862224,-0.4267938386792476,-0.41264838679586613,-0.42745391853124415,-0.4117173103418044,5,SECONDARY round 4
resnet_aug,t05,joint|k=4|s=0.25|bw=0.0,0.9137716565150927,-0.412678728162361,-0.4197907595147104,-0.4051645826963653,-0.4208718973486031,-0.4045830172400556,5,SECONDARY round 4
resnet_aug,t05,missing|k=8|s=0.0|bw=0.0,0.8677533111133408,-0.005326341129603818,-0.006766769167988511,-0.0038104043976782557,-0.007060556652540184,-0.003635834840207972,5,SECONDARY round 4
resnet_aug,t05,noise|k=0|s=0.1|bw=0.0,0.9290754534862824,-0.3600563263445827,-0.3705255033072368,-0.34990396802363355,-0.3719317528727075,-0.348375936439765,5,SECONDARY round 4
resnet_aug,t05,noise|k=0|s=0.25|bw=0.0,0.9268454208461957,-0.4253412337110641,-0.43243507001191167,-0.4181510205723802,-0.43318293875398173,-0.41732847613041235,5,SECONDARY round 4
resnet_aug,t05,noise|k=0|s=0.5|bw=0.0,0.9137734393912762,-0.41232115257011176,-0.4197812476501302,-0.4047754770683541,-0.42054257638892695,-0.40385949453850395,5,SECONDARY round 4
inception_aug,tau,clean,0.9286240349289372,-0.0019295730289892548,-0.0031322770534390225,-0.0006169736561000358,-0.003289781649069641,-0.00039469152213201104,1,SECONDARY round 4
inception_aug,tau,multireal,0.9208863458795967,-0.029302093695187936,-0.03257152759967323,-0.026259206761272483,-0.03294467886835759,-0.025813436924845192,5,SECONDARY round 4
inception_aug,tau,nstdb_em_ma,0.92645703130817,-0.006624459348885096,-0.008122362995421815,-0.0049112816679979885,-0.00832557415537253,-0.004779006168187909,18,SECONDARY round 4
inception_aug,tau,bw|k=0|s=0.0|bw=1.0,0.9191474230617128,-0.0015532341165104193,-0.002760705603694961,-0.00023000770444062208,-0.002914369657970903,-5.951431668120729e-05,5,SECONDARY round 4
inception_aug,tau,joint|k=2|s=0.25|bw=0.0,0.9201690764545356,-0.41913901149773086,-0.425893267798634,-0.41204941142338647,-0.42645154691364395,-0.41092671006269044,5,SECONDARY round 4
inception_aug,tau,joint|k=4|s=0.25|bw=0.0,0.9135017951319432,-0.41254054101049803,-0.4194052358800642,-0.40557560434188905,-0.42040475149794604,-0.4043786336854653,5,SECONDARY round 4
inception_aug,tau,missing|k=8|s=0.0|bw=0.0,0.8632209789621653,-0.00535905929330541,-0.006821723308843759,-0.003860945103868841,-0.0071076927361984335,-0.003691948588969525,5,SECONDARY round 4
inception_aug,tau,noise|k=0|s=0.1|bw=0.0,0.9284470947089014,-0.3587066767786921,-0.36790448069753395,-0.3493166356737549,-0.36932736575068054,-0.3483464050579547,5,SECONDARY round 4
inception_aug,tau,noise|k=0|s=0.25|bw=0.0,0.9257135962342975,-0.42474069623948507,-0.431539351913724,-0.418004964327127,-0.43249170532879055,-0.4165124689699199,5,SECONDARY round 4
inception_aug,tau,noise|k=0|s=0.5|bw=0.0,0.9129423495648781,-0.4110101592073003,-0.4181216610284855,-0.4037169692015073,-0.4189683302002378,-0.4024420405212632,5,SECONDARY round 4
inception_aug,t05,clean,0.9286240349289372,-0.0012501197779831719,-0.0023894990955890213,1.1871785839819336e-05,-0.002512183400997011,0.00013992200811486222,1,SECONDARY round 4
inception_aug,t05,multireal,0.9208863458795967,-0.027393084777989896,-0.030495737380608963,-0.024483094695371164,-0.03090281564414737,-0.024020603998629746,5,SECONDARY round 4
inception_aug,t05,nstdb_em_ma,0.92645703130817,-0.005403417868056052,-0.006803586692588364,-0.0038421470229486753,-0.007013104524280383,-0.003626148801030368,18,SECONDARY round 4
inception_aug,t05,bw|k=0|s=0.0|bw=1.0,0.9191474230617128,-0.0007160305221365941,-0.0018266124923154664,0.0005029817593370001,-0.0019199888104999643,0.0006807141403485964,5,SECONDARY round 4
inception_aug,t05,joint|k=2|s=0.25|bw=0.0,0.9201690764545356,-0.4181970485651532,-0.4250261699938326,-0.4111047609699345,-0.42554890272171714,-0.40974107906836715,5,SECONDARY round 4
inception_aug,t05,joint|k=4|s=0.25|bw=0.0,0.9135017951319432,-0.41181232690401837,-0.4186289451684205,-0.4049288834389702,-0.4196284819120631,-0.4036445763067278,5,SECONDARY round 4
inception_aug,t05,missing|k=8|s=0.0|bw=0.0,0.8632209789621653,-0.004218893504129969,-0.005538200766503056,-0.0028584404177385615,-0.005739925277065392,-0.002667084901472966,5,SECONDARY round 4
inception_aug,t05,noise|k=0|s=0.1|bw=0.0,0.9284470947089014,-0.3381219837246352,-0.3485416838245298,-0.32803221904420354,-0.34985514053774774,-0.3262603685921511,5,SECONDARY round 4
inception_aug,t05,noise|k=0|s=0.25|bw=0.0,0.9257135962342975,-0.42392752127221184,-0.43070703298580704,-0.4171295044898827,-0.4317055826881193,-0.41599218648119746,5,SECONDARY round 4
inception_aug,t05,noise|k=0|s=0.5|bw=0.0,0.9129423495648781,-0.4104429840514275,-0.4176242020195963,-0.4030670783008534,-0.41852130234298124,-0.40174384258151563,5,SECONDARY round 4
