config,seed,random,uncertainty,max_prob_confidence,oracle_fraction_corrupted,mean_intact_score,intact_x_certainty
cnn_diag_rec,0,0.12044376862161847,0.05949531494129708,0.05875173223330214,0.11528415580948914,,
cnn_diag_rec,1,0.12038167353911657,0.05869940614701008,0.057866823898930844,0.1164595817490472,,
cnn_diag_rec,2,0.11736969948796544,0.0588868419851709,0.05788720058548795,0.11310310545018223,,
cnn_full_cleanfrac20,0,0.11991778417614,0.06000330516435488,0.060152331466848806,0.11948179291507703,0.11782884280015991,0.07689964901736547
cnn_full_cleanfrac20,1,0.11851753174292994,0.057623756373070316,0.057583897206859164,0.11568213445672526,0.11367094127684015,0.07322492591796681
cnn_full_cleanfrac20,2,0.11451793064596959,0.05694655003432094,0.05615505628115104,0.11441154031685608,0.1123185598107089,0.07258418312788399
cnn_full_gss,0,0.10784672229376875,0.04716989645632881,0.046424995258952245,0.1070757557648903,0.10208064290695815,0.059948095746174726
cnn_full_gss,1,0.10627895661783027,0.045160037900034616,0.045035864782408085,0.1053783094425995,0.10388434944225564,0.06032867695078191
cnn_full_gss,2,0.1071053963159536,0.0475225071224385,0.04701111828645648,0.10205897980677205,0.09941792493605107,0.06087585235161876
cnn_full_leadwise_cleanfrac20,0,0.12065060149240495,0.060574764925828174,0.060130114977503944,0.11917362084781749,0.11615513713985613,0.07558005533856182
cnn_full_leadwise_cleanfrac20,1,0.11737648792617267,0.057737222417059975,0.057479013546821243,0.11290428051481016,0.11148902837736906,0.07246876871725559
cnn_full_leadwise_cleanfrac20,2,0.12063587020482683,0.0585601867065572,0.05746813795303604,0.12098393163702015,0.11754480946449039,0.0752520582675168
cnn_full_leadwise,0,0.1220434811072402,0.06057699274863936,0.059460969451821395,0.1193220991857191,0.11505499264734353,0.0746750534456142
cnn_full_leadwise,1,0.11937903258367392,0.0568806350330997,0.05642874652968823,0.11793253510551893,0.11393967144685604,0.07264787261403763
cnn_full_leadwise,2,0.11760949036817024,0.05818485927337278,0.056930761640855386,0.11283588036157681,0.1129409583519676,0.07322682935953541
cnn_full,0,0.11872721889442114,0.05767347324160225,0.057025141766108456,0.11644568768622063,0.11176016720459717,0.07158754733567765
cnn_full,1,0.11637920595953907,0.057026291950769005,0.0564356518543962,0.11474696335406433,0.10788141745512551,0.06875177018496721
cnn_full,2,0.11781679387610923,0.05812285501983114,0.05747685158438428,0.1148002184378707,0.11620578241089659,0.07335084266431809
tx_full,0,0.12639404912981256,0.06306154937567529,0.06199773077641827,0.12309227112385428,0.11644473807440871,0.07699945858610174
tx_full,1,0.12492737939804448,0.06285912993509978,0.06051880184444151,0.1230746984037435,0.11566469278023252,0.07814159954230616
tx_full,2,0.12436552345310611,0.06141517750289026,0.06268813046474135,0.1214841996114257,0.1180557441835094,0.07563261414567413
