,,auroc_pre,auroc_pre,auroc_post,auroc_post,replaced_leads_per_record,replaced_leads_per_record,mask_sensitivity,mask_sensitivity,mask_false_replace_rate,mask_false_replace_rate,delta,delta
,,mean,std,mean,std,mean,std,mean,std,mean,std,mean,std
config,mask,,,,,,,,,,,,
cnn_diag_rec,oracle,0.9189949477051033,0.0020601910461794854,0.9162466828467005,0.002231142898368518,6.387859128822984,0.0,1.0,0.0,0.0,0.0,-0.002748264858402738,0.0004792727369796248
cnn_full,oracle,0.9203294023634377,0.00020558688480444985,0.9172803583998822,0.001263518556974993,6.387859128822984,0.0,1.0,0.0,0.0,0.0,-0.003049043963555431,0.0014338380171869027
cnn_full,predicted,0.9203294023634377,0.00020558688480444985,0.91479031070098,0.0005288620380127656,3.910719802286067,0.6130509009745767,0.42246403095151736,0.05363133912119897,0.21597445848127048,0.04820155852931861,-0.0055390916624576585,0.0006739265443876145
cnn_full_cleanfrac20,oracle,0.9195239419347888,0.0017229928009947246,0.9173392124720351,0.0011728606129434802,6.387859128822984,0.0,1.0,0.0,0.0,0.0,-0.0021847294627538316,0.0005680793027335684
cnn_full_cleanfrac20,predicted,0.9195239419347888,0.0017229928009947246,0.9140657868103393,0.0018603781218245233,4.800741427247451,0.4839465893495965,0.5019949220166847,0.040869059002175426,0.28403930311287257,0.03974015770973006,-0.005458155124449582,0.00016726909946176768
cnn_full_gss,oracle,0.9344968197308333,0.0012889410644597236,0.9317802258999394,0.001639976204010633,6.3943070461969205,0.0,1.0,0.0,0.0,0.0,-0.0027165938308941393,0.001204225032869169
cnn_full_gss,predicted,0.9344968197308333,0.0012889410644597236,0.9317017712588522,0.0010906285653228605,3.909317156634002,0.22895802262159418,0.4247001873069158,0.023384721752480166,0.21293598601515026,0.014459410000901386,-0.0027950484719811985,0.0008168844530598757
cnn_full_leadwise,oracle,0.9196977557831572,0.0015701338253881927,0.917033896899298,0.0014325157776692648,6.387859128822984,0.0,1.0,0.0,0.0,0.0,-0.002663858883859042,0.0005209286141300196
cnn_full_leadwise,predicted,0.9196977557831572,0.0015701338253881927,0.9176451517924322,0.0015907401511315701,5.5685820203892495,0.21811789492504197,0.8317011244105913,0.03825610504680672,0.04557839980183304,0.005638358730139227,-0.0020526039907248586,0.0008783383012426046
cnn_full_leadwise_cleanfrac20,oracle,0.9190384335468497,0.001128813544232265,0.9158539229477327,0.0018541568572061813,6.387859128822984,0.0,1.0,0.0,0.0,0.0,-0.003184510599117026,0.000778751455475838
cnn_full_leadwise_cleanfrac20,predicted,0.9190384335468497,0.001128813544232265,0.916435296651981,0.002038915080834664,5.655390793945011,0.11412747699013333,0.8449522427759643,0.016482719583369245,0.04596372443783888,0.0058643770373332975,-0.002603136894868759,0.0009293227346040754
tx_full,oracle,0.9135889348718504,0.0006894163445881035,0.9092845305703795,0.0008615251281487926,6.387859128822984,0.0,1.0,0.0,0.0,0.0,-0.004304404301470943,0.0010446453510404372
tx_full,predicted,0.9135889348718504,0.0006894163445881035,0.9087024580997811,0.0019440605513608824,3.740654927401915,0.3655515051650863,0.3998790956353524,0.03198433047493107,0.21137808603748662,0.02874286757958698,-0.0048864767720692886,0.00197579265331332
