scorer,auroc,auprc,auprc_lo,auprc_hi,prevalence,n_leads,n_pos,ref_spec,atspec_sens,atspec_spec,atspec_prec,atspec_f1,atspec_flag_rate
detector_ens,0.7959834225220881,0.2699082015033909,0.22341820297467554,0.3222696439115443,0.08043713314797653,25896,2083,0.9654390458992986,0.21171387421987517,0.9654390458992987,0.34889240506329117,0.26351956976396773,0.04881062712388014
detector_s0,0.7264613629492187,0.23386585077161445,0.19320555174089346,0.2816261280350839,0.08043713314797653,25896,2083,0.9654390458992986,0.1987518002880461,0.9654390458992987,0.33468067906224735,0.24939759036144576,0.04776799505715169
detector_s1,0.7512786104904152,0.2600768131161353,0.21864143329229577,0.3080269205682344,0.08043713314797653,25896,2083,0.9654390458992986,0.2198751800288046,0.9654390458992987,0.35753317720530836,0.272294887039239,0.04946709916589435
detector_s2,0.7743257348085366,0.24335652914645645,0.2035644083368694,0.29002659471010733,0.08043713314797653,25896,2083,0.9654390458992986,0.19203072491598655,0.9654390458992987,0.3270645952575634,0.24198427102238348,0.04722737102255174
SUP_gbm,0.8035385187099218,0.243051761617727,0.21257900795872642,0.2820585931878003,0.08043713314797653,25896,2083,0.9654390458992986,0.18050888142102736,0.9654390458992987,0.31359466221851545,0.22912858013406462,0.046300586963237564
SUP_logreg,0.796643954024959,0.24004048525406443,0.20924209589196366,0.2772508463007018,0.08043713314797653,25896,2083,0.9654390458992986,0.1800288046087374,0.9654390458992987,0.31302170283806346,0.22858884486437064,0.04626197096076614
SQI_bsqi_bad,0.5391230950372461,0.09276580211944341,0.07999063466869047,0.10663585575117322,0.08043713314797653,25896,2083,0.9654390458992986,0.05232837253960634,0.9659009784571453,0.11834961997828447,0.0725699067909454,0.03556533827618165
SQI_ksqi_bad,0.5865258065025338,0.10610945218622184,0.08985359145588574,0.12483844069761639,0.08043713314797653,25896,2083,0.9654390458992986,0.06913106096975516,0.9654390458992987,0.14891416752843847,0.09442622950819672,0.03734167438986716
SQI_ssqi_bad,0.5665907645462639,0.09600756632479455,0.0824938682746431,0.1114977154795169,0.08043713314797653,25896,2083,0.9654390458992986,0.04320691310609698,0.9654390458992987,0.09857612267250822,0.06008010680907878,0.035256410256410256
SQI_psqi_bad,0.5085575360054081,0.08129700715757585,0.06922550102409578,0.09610060737567046,0.08043713314797653,25896,2083,0.9654390458992986,0.035525684109457514,0.9654390458992987,0.08249721293199554,0.04966442953020134,0.03463855421686747
SQI_bassqi_bad,0.5315624648518071,0.09055965896435658,0.07653126684870863,0.10746050253468947,0.08043713314797653,25896,2083,0.9654390458992986,0.05232837253960634,0.9654390458992987,0.11695278969957082,0.07230514096185738,0.035990114303367314
SQI_flat_bad,0.2021204726481513,0.04729873544949173,0.04111542325230154,0.05372312965096286,0.08043713314797653,25896,2083,0.9654390458992986,0.00048007681228996637,0.966110947801621,0.0012376237623762376,0.0006918021445866483,0.031201729996910718
SQI_tsqi_bad,0.5767873315363936,0.11206476609327162,0.09535196394693471,0.13142882590813226,0.08043713314797653,25896,2083,0.9654390458992986,0.07969275084013443,0.9654390458992987,0.1678463094034378,0.10807291666666667,0.038191226444238495
