contrast,delta,lo,hi,per_seed
clean: proposed - aug,-0.00014682734369812303,-0.0022115666120976142,0.0020744258239625813,-0.00229;-0.00036;0.00221
"B1-scale: corrupted, proposed - aug",-0.0005003791351112877,-0.002729157505695519,0.0019508270622311862,-0.00195;-0.00104;0.00148
"oracle repair, proposed: post - pre",-0.0026510632108884824,-0.004765551320885484,-0.0007931592846637767,-0.00249;-0.00279;-0.00268
"dropped-only repair, proposed: post - pre",0.001725987086114637,0.00011504054539392136,0.0031713981343753648,0.00185;0.00188;0.00145
k=4: proposed - aug,-0.0014185824251683836,-0.0034287971111819767,0.0007321870064834655,-0.00334;-0.00115;0.00024
k=4: repaired proposed - aug,0.0036959870366935674,0.0015454441990660234,0.005882405525521973,0.00199;0.00416;0.00494
k=8: proposed - aug,-0.005413028864666806,-0.007807943679193544,-0.002933779655577202,-0.00673;-0.00819;-0.00132
k=8: repaired proposed - aug,0.009583653612401025,0.006456435034607231,0.012788238889267833,0.00980;0.00757;0.01138
k=10: proposed - aug,-0.015658756944581447,-0.019142719173439987,-0.012014227615749653,-0.00653;-0.03917;-0.00127
k=10: repaired proposed - aug,0.027212669564598446,0.023608301066401077,0.03157206535858804,0.03782;0.01253;0.03129
