,random,random,uncertainty,uncertainty,max_prob_confidence,max_prob_confidence,oracle_fraction_corrupted,oracle_fraction_corrupted,mean_intact_score,mean_intact_score,intact_x_certainty,intact_x_certainty
,mean,std,mean,std,mean,std,mean,std,mean,std,mean,std
config,,,,,,,,,,,,
cnn_diag_rec,0.11939838054956682,0.0017571636483528837,0.059027187691159354,0.00041610141804360325,0.05816858557257365,0.0005051225824271359,0.11494894766957287,0.001703160784838049,,,,
cnn_full,0.11764107291002314,0.0011838283570835123,0.05760754007073413,0.000551246794433567,0.05697921506829631,0.0005221170037556301,0.11533095649271856,0.0009657526864123877,0.11194912235687308,0.004165398062177986,0.07123005339498766,0.0023202841110095103
cnn_full_cleanfrac20,0.11765108218834651,0.002802259027963304,0.05819120385724871,0.001605439337602792,0.05796376165161967,0.0020255307884215652,0.11652515589621947,0.0026381582994632396,0.11460611462923631,0.0028717096920183676,0.07423625268773876,0.002328711626041865
cnn_full_gss,0.10707702507585087,0.0007842678108346874,0.04661748049293398,0.0012744362495478105,0.04615732610927228,0.001014466205243757,0.10483768167142062,0.002551709043703007,0.10179430576175495,0.002246937624400931,0.06038420834952513,0.000466364537589475
cnn_full_leadwise,0.11967733468636145,0.002231996096970235,0.05854749568503728,0.0018746716954192483,0.05760682587412167,0.001625235705368268,0.11669683821760495,0.0034151088939834207,0.11397854081538905,0.001057553011136569,0.07351658513972908,0.0010441907584797937
cnn_full_leadwise_cleanfrac20,0.11891237125784056,0.0020483470942102393,0.058768106725787625,0.0010878800988117783,0.05819859248164707,0.0011161597450955838,0.1164360153097586,0.00413150084698391,0.11442262870152323,0.0028793698094286223,0.07422057485111754,0.0012778629268910397
tx_full,0.12522898399365437,0.0010473552904025035,0.06244528560455511,0.0008978226068201828,0.06173488769520038,0.0011082921680320096,0.12255038971300782,0.0009233895167570309,0.11672172501271688,0.0012193535280110896,0.076924557424694,0.0012561686065625792
