config,seed,gate,coverage,selective_risk_hamming
cnn_diag_rec,0,uncertainty_only,0.8,0.09339513325608342
cnn_diag_rec,0,uncertainty_only,0.9,0.10741503604531412
cnn_diag_rec,0,all_samples,1.0,0.12057460611677481
cnn_diag_rec,0,all_samples,1.0,0.12057460611677481
cnn_diag_rec,1,uncertainty_only,0.8,0.09188876013904983
cnn_diag_rec,1,uncertainty_only,0.9,0.10267765190525233
cnn_diag_rec,1,all_samples,1.0,0.11983317886932346
cnn_diag_rec,1,all_samples,1.0,0.11983317886932346
cnn_diag_rec,2,uncertainty_only,0.8,0.09119351100811124
cnn_diag_rec,2,uncertainty_only,0.9,0.10514933058702369
cnn_diag_rec,2,all_samples,1.0,0.11751621872103801
cnn_diag_rec,2,all_samples,1.0,0.11751621872103801
cnn_full_cleanfrac20,0,uncertainty_only,0.8,0.09223638470451911
cnn_full_cleanfrac20,0,uncertainty_only,0.9,0.10751802265705458
cnn_full_cleanfrac20,0,intact_score_only,0.8,0.11599073001158748
cnn_full_cleanfrac20,0,intact_score_only,0.9,0.11874356333676624
cnn_full_cleanfrac20,0,combined_rank_mean,0.8,0.10046349942062573
cnn_full_cleanfrac20,0,combined_rank_mean,0.9,0.10865087538619979
cnn_full_cleanfrac20,0,all_samples,1.0,0.11992585727525487
cnn_full_cleanfrac20,0,all_samples,1.0,0.11992585727525487
cnn_full_cleanfrac20,1,uncertainty_only,0.8,0.08980301274623406
cnn_full_cleanfrac20,1,uncertainty_only,0.9,0.10288362512873327
cnn_full_cleanfrac20,1,intact_score_only,0.8,0.11633835457705678
cnn_full_cleanfrac20,1,intact_score_only,0.9,0.11812564366632336
cnn_full_cleanfrac20,1,combined_rank_mean,0.8,0.09733487833140209
cnn_full_cleanfrac20,1,combined_rank_mean,0.9,0.10690010298661173
cnn_full_cleanfrac20,1,all_samples,1.0,0.11807228915662651
cnn_full_cleanfrac20,1,all_samples,1.0,0.11807228915662651
cnn_full_cleanfrac20,2,uncertainty_only,0.8,0.08968713789107764
cnn_full_cleanfrac20,2,uncertainty_only,0.9,0.10216271884654995
cnn_full_cleanfrac20,2,intact_score_only,0.8,0.1122827346465817
cnn_full_cleanfrac20,2,intact_score_only,0.9,0.11524201853759011
cnn_full_cleanfrac20,2,combined_rank_mean,0.8,0.09466975666280418
cnn_full_cleanfrac20,2,combined_rank_mean,0.9,0.10175077239958805
cnn_full_cleanfrac20,2,all_samples,1.0,0.11464318813716404
cnn_full_cleanfrac20,2,all_samples,1.0,0.11464318813716404
cnn_full_gss,0,uncertainty_only,0.8,0.0795799299883314
cnn_full_gss,0,uncertainty_only,0.9,0.0946604458268533
cnn_full_gss,0,intact_score_only,0.8,0.10851808634772463
cnn_full_gss,0,intact_score_only,0.9,0.10824261275272162
cnn_full_gss,0,combined_rank_mean,0.8,0.0882147024504084
cnn_full_gss,0,combined_rank_mean,0.9,0.09839294971487818
cnn_full_gss,0,all_samples,1.0,0.10751283247783482
cnn_full_gss,0,all_samples,1.0,0.10751283247783482
cnn_full_gss,1,uncertainty_only,0.8,0.07876312718786464
cnn_full_gss,1,uncertainty_only,0.9,0.0926905132192846
cnn_full_gss,1,intact_score_only,0.8,0.10641773628938155
cnn_full_gss,1,intact_score_only,0.9,0.10492483151892172
cnn_full_gss,1,combined_rank_mean,0.8,0.08903150525087514
cnn_full_gss,1,combined_rank_mean,0.9,0.09704510108864696
cnn_full_gss,1,all_samples,1.0,0.10592627158189453
cnn_full_gss,1,all_samples,1.0,0.10592627158189453
cnn_full_gss,2,uncertainty_only,0.8,0.08144690781796968
cnn_full_gss,2,uncertainty_only,0.9,0.09383100051840332
cnn_full_gss,2,intact_score_only,0.8,0.10723453908984831
cnn_full_gss,2,intact_score_only,0.9,0.10762052877138413
cnn_full_gss,2,combined_rank_mean,0.8,0.09078179696616104
cnn_full_gss,2,combined_rank_mean,0.9,0.09901503369621566
cnn_full_gss,2,all_samples,1.0,0.10723285114325712
cnn_full_gss,2,all_samples,1.0,0.10723285114325712
cnn_full_leadwise_cleanfrac20,0,uncertainty_only,0.8,0.09223638470451911
cnn_full_leadwise_cleanfrac20,0,uncertainty_only,0.9,0.10545829042224511
cnn_full_leadwise_cleanfrac20,0,intact_score_only,0.8,0.1176129779837775
cnn_full_leadwise_cleanfrac20,0,intact_score_only,0.9,0.11967044284243047
cnn_full_leadwise_cleanfrac20,0,combined_rank_mean,0.8,0.09884125144843568
cnn_full_leadwise_cleanfrac20,0,combined_rank_mean,0.9,0.1098867147270855
cnn_full_leadwise_cleanfrac20,0,all_samples,1.0,0.12020389249304911
cnn_full_leadwise_cleanfrac20,0,all_samples,1.0,0.12020389249304911
cnn_full_leadwise_cleanfrac20,1,uncertainty_only,0.8,0.08933951332560834
cnn_full_leadwise_cleanfrac20,1,uncertainty_only,0.9,0.1030895983522142
cnn_full_leadwise_cleanfrac20,1,intact_score_only,0.8,0.11286210892236385
cnn_full_leadwise_cleanfrac20,1,intact_score_only,0.9,0.11791967044284243
cnn_full_leadwise_cleanfrac20,1,combined_rank_mean,0.8,0.09803012746234066
cnn_full_leadwise_cleanfrac20,1,combined_rank_mean,0.9,0.10648815653964985
cnn_full_leadwise_cleanfrac20,1,all_samples,1.0,0.11640407784986098
cnn_full_leadwise_cleanfrac20,1,all_samples,1.0,0.11640407784986098
cnn_full_leadwise_cleanfrac20,2,uncertainty_only,0.8,0.09385863267670916
cnn_full_leadwise_cleanfrac20,2,uncertainty_only,0.9,0.10679711637487127
cnn_full_leadwise_cleanfrac20,2,intact_score_only,0.8,0.11830822711471611
cnn_full_leadwise_cleanfrac20,2,intact_score_only,0.9,0.12049433573635428
cnn_full_leadwise_cleanfrac20,2,combined_rank_mean,0.8,0.09942062572421784
cnn_full_leadwise_cleanfrac20,2,combined_rank_mean,0.9,0.1101956745623069
cnn_full_leadwise_cleanfrac20,2,all_samples,1.0,0.1206672845227062
cnn_full_leadwise_cleanfrac20,2,all_samples,1.0,0.1206672845227062
cnn_full_leadwise_cleanfrac20,3,uncertainty_only,0.8,0.09455388180764773
cnn_full_leadwise_cleanfrac20,3,uncertainty_only,0.9,0.10648815653964984
cnn_full_leadwise_cleanfrac20,3,intact_score_only,0.8,0.11703360370799537
cnn_full_leadwise_cleanfrac20,3,intact_score_only,0.9,0.11791967044284243
cnn_full_leadwise_cleanfrac20,3,combined_rank_mean,0.8,0.09942062572421784
cnn_full_leadwise_cleanfrac20,3,combined_rank_mean,0.9,0.10906282183316168
cnn_full_leadwise_cleanfrac20,3,all_samples,1.0,0.1195551436515292
cnn_full_leadwise_cleanfrac20,3,all_samples,1.0,0.1195551436515292
cnn_full_leadwise_cleanfrac20,4,uncertainty_only,0.8,0.09119351100811122
cnn_full_leadwise_cleanfrac20,4,uncertainty_only,0.9,0.10257466529351185
cnn_full_leadwise_cleanfrac20,4,intact_score_only,0.8,0.11517960602549247
cnn_full_leadwise_cleanfrac20,4,intact_score_only,0.9,0.11565396498455201
cnn_full_leadwise_cleanfrac20,4,combined_rank_mean,0.8,0.09675550405561993
cnn_full_leadwise_cleanfrac20,4,combined_rank_mean,0.9,0.10432543769309989
cnn_full_leadwise_cleanfrac20,4,all_samples,1.0,0.11584800741427248
cnn_full_leadwise_cleanfrac20,4,all_samples,1.0,0.11584800741427248
cnn_full_leadwise,0,uncertainty_only,0.8,0.09652375434530705
cnn_full_leadwise,0,uncertainty_only,0.9,0.10947476828012359
cnn_full_leadwise,0,intact_score_only,0.8,0.11726535341830821
cnn_full_leadwise,0,intact_score_only,0.9,0.12059732234809475
cnn_full_leadwise,0,combined_rank_mean,0.8,0.10127462340672073
cnn_full_leadwise,0,combined_rank_mean,0.9,0.11194644696189496
cnn_full_leadwise,0,all_samples,1.0,0.12205746061167747
cnn_full_leadwise,0,all_samples,1.0,0.12205746061167747
cnn_full_leadwise,1,uncertainty_only,0.8,0.09188876013904984
cnn_full_leadwise,1,uncertainty_only,0.9,0.10566426364572605
cnn_full_leadwise,1,intact_score_only,0.8,0.11738122827346466
cnn_full_leadwise,1,intact_score_only,0.9,0.11791967044284243
cnn_full_leadwise,1,combined_rank_mean,0.8,0.09826187717265353
cnn_full_leadwise,1,combined_rank_mean,0.9,0.10679711637487126
cnn_full_leadwise,1,all_samples,1.0,0.1190917516218721
cnn_full_leadwise,1,all_samples,1.0,0.1190917516218721
cnn_full_leadwise,2,uncertainty_only,0.8,0.09432213209733488
cnn_full_leadwise,2,uncertainty_only,0.9,0.10566426364572606
cnn_full_leadwise,2,intact_score_only,0.8,0.11483198146002317
cnn_full_leadwise,2,intact_score_only,0.9,0.11730175077239959
cnn_full_leadwise,2,combined_rank_mean,0.8,0.09907300115874855
cnn_full_leadwise,2,combined_rank_mean,0.9,0.10679711637487127
cnn_full_leadwise,2,all_samples,1.0,0.11788693234476368
cnn_full_leadwise,2,all_samples,1.0,0.11788693234476368
cnn_full,0,uncertainty_only,0.8,0.09455388180764773
cnn_full,0,uncertainty_only,0.9,0.10617919670442842
cnn_full,0,intact_score_only,0.8,0.1146002317497103
cnn_full,0,intact_score_only,0.9,0.11637487126673532
cnn_full,0,combined_rank_mean,0.8,0.09826187717265353
cnn_full,0,combined_rank_mean,0.9,0.10679711637487127
cnn_full,0,all_samples,1.0,0.11881371640407784
cnn_full,0,all_samples,1.0,0.11881371640407784
cnn_full,1,uncertainty_only,0.8,0.08980301274623406
cnn_full,1,uncertainty_only,0.9,0.10175077239958805
cnn_full,1,intact_score_only,0.8,0.11239860950173812
cnn_full,1,intact_score_only,0.9,0.1164778578784758
cnn_full,1,combined_rank_mean,0.8,0.09640787949015064
cnn_full,1,combined_rank_mean,0.9,0.10453141091658084
cnn_full,1,all_samples,1.0,0.11612604263206673
cnn_full,1,all_samples,1.0,0.11612604263206673
cnn_full,2,uncertainty_only,0.8,0.0929316338354577
cnn_full,2,uncertainty_only,0.9,0.10319258496395467
cnn_full,2,intact_score_only,0.8,0.11436848203939746
cnn_full,2,intact_score_only,0.9,0.11719876416065911
cnn_full,2,combined_rank_mean,0.8,0.09640787949015064
cnn_full,2,combined_rank_mean,0.9,0.1074150360453141
cnn_full,2,all_samples,1.0,0.11779425393883225
cnn_full,2,all_samples,1.0,0.11779425393883225
tx_full,0,uncertainty_only,0.8,0.09988412514484357
tx_full,0,uncertainty_only,0.9,0.11204943357363542
tx_full,0,intact_score_only,0.8,0.12363847045191192
tx_full,0,intact_score_only,0.9,0.12574665293511844
tx_full,0,combined_rank_mean,0.8,0.10417149478563152
tx_full,0,combined_rank_mean,0.9,0.11555097837281154
tx_full,0,all_samples,1.0,0.12604263206672844
tx_full,0,all_samples,1.0,0.12604263206672844
tx_full,1,uncertainty_only,0.8,0.10011587485515644
tx_full,1,uncertainty_only,0.9,0.1101956745623069
tx_full,1,intact_score_only,0.8,0.12132097334878332
tx_full,1,intact_score_only,0.9,0.12193614830072091
tx_full,1,combined_rank_mean,0.8,0.10359212050984935
tx_full,1,combined_rank_mean,0.9,0.1160659114315139
tx_full,1,all_samples,1.0,0.12437442075996291
tx_full,1,all_samples,1.0,0.12437442075996291
tx_full,2,uncertainty_only,0.8,0.09860950173812282
tx_full,2,uncertainty_only,0.9,0.11153450051493308
tx_full,2,intact_score_only,0.8,0.12213209733487834
tx_full,2,intact_score_only,0.9,0.12348094747682802
tx_full,2,combined_rank_mean,0.8,0.10278099652375434
tx_full,2,combined_rank_mean,0.9,0.11441812564366632
tx_full,2,all_samples,1.0,0.1242817423540315
tx_full,2,all_samples,1.0,0.1242817423540315
