config,seed,condition,diag_auroc,det_auroc_rule_variance,det_auroc_rule_hf,det_auroc_learned
cnn_diagonly_aug_matched,0,nstdb|em|snr=12|leads=1,0.9283053791302368,0.48591100241585405,0.47991244939836336,
cnn_diagonly_aug_matched,0,nstdb|em|snr=12|leads=3,0.9283982204823038,0.4813506936819464,0.47044482040071445,
cnn_diagonly_aug_matched,0,nstdb|em|snr=12|leads=6,0.9277556197750284,0.4857646944327773,0.47097540670035004,
cnn_diagonly_aug_matched,0,nstdb|em|snr=6|leads=1,0.9281796643827722,0.42663778766205157,0.3937731456881272,
cnn_diagonly_aug_matched,0,nstdb|em|snr=6|leads=3,0.927858315859892,0.4274379704762031,0.3962824039199979,
cnn_diagonly_aug_matched,0,nstdb|em|snr=6|leads=6,0.9264324606799267,0.4322530521553909,0.39380078594838464,
cnn_diagonly_aug_matched,0,nstdb|em|snr=0|leads=1,0.9262776821971295,0.2881376735416621,0.21571066862054722,
cnn_diagonly_aug_matched,0,nstdb|em|snr=0|leads=3,0.9231580013804119,0.2892701999430117,0.21587275489957583,
cnn_diagonly_aug_matched,0,nstdb|em|snr=0|leads=6,0.9179691109797808,0.2923988526764552,0.21697932446499002,
cnn_diagonly_aug_matched,0,nstdb|ma|snr=12|leads=1,0.9283570107447863,0.48848536787642605,0.5096987495013333,
cnn_diagonly_aug_matched,0,nstdb|ma|snr=12|leads=3,0.9283089010705818,0.4827902223820466,0.5086821307552238,
cnn_diagonly_aug_matched,0,nstdb|ma|snr=12|leads=6,0.9282930498465738,0.4837246165098119,0.5138150806691513,
cnn_diagonly_aug_matched,0,nstdb|ma|snr=6|leads=1,0.9283889706492315,0.4334250909937344,0.5353983059271312,
cnn_diagonly_aug_matched,0,nstdb|ma|snr=6|leads=3,0.9280460795701873,0.430534698699108,0.5357371955920924,
cnn_diagonly_aug_matched,0,nstdb|ma|snr=6|leads=6,0.9281480590811915,0.42831244538048585,0.5454296094098119,
cnn_diagonly_aug_matched,0,nstdb|ma|snr=0|leads=1,0.9277207639676247,0.2873711772890508,0.5405549624175751,
cnn_diagonly_aug_matched,0,nstdb|ma|snr=0|leads=3,0.9267411714699498,0.29374699593666287,0.5616876463181051,
cnn_diagonly_aug_matched,0,nstdb|ma|snr=0|leads=6,0.9244434752052421,0.2886390295146032,0.5545075700964548,
cnn_diagonly_aug_matched,0,nstdb|bw|snr=12|leads=1,0.9284079331634649,0.487723683576604,0.4702872554268872,
cnn_diagonly_aug_matched,0,nstdb|bw|snr=12|leads=3,0.9282986529816517,0.4812022620555175,0.4719145865720114,
cnn_diagonly_aug_matched,0,nstdb|bw|snr=12|leads=6,0.9280302576149563,0.47768789267953204,0.46765749340366625,
cnn_diagonly_aug_matched,0,nstdb|bw|snr=6|leads=1,0.928125818098966,0.4275835559975828,0.3845566651265815,
cnn_diagonly_aug_matched,0,nstdb|bw|snr=6|leads=3,0.9280810431966582,0.43283605895266625,0.3925324723559367,
cnn_diagonly_aug_matched,0,nstdb|bw|snr=6|leads=6,0.9278588908014797,0.43420118593716134,0.3900864233770232,
cnn_diagonly_aug_matched,0,nstdb|bw|snr=0|leads=1,0.9274611904543694,0.2846232887114672,0.1977190309160451,
cnn_diagonly_aug_matched,0,nstdb|bw|snr=0|leads=3,0.9271235799640669,0.29364709775788755,0.20256044973124598,
cnn_diagonly_aug_matched,0,nstdb|bw|snr=0|leads=6,0.9255319983713749,0.29158138817001333,0.19638922303600945,
cnn_diagonly_aug_matched,1,nstdb|em|snr=12|leads=1,0.926754023208986,0.48591100241585405,0.47991244939836336,
cnn_diagonly_aug_matched,1,nstdb|em|snr=12|leads=3,0.9264254654021886,0.4813506936819464,0.47044482040071445,
cnn_diagonly_aug_matched,1,nstdb|em|snr=12|leads=6,0.9259542400605507,0.4857646944327773,0.47097540670035004,
cnn_diagonly_aug_matched,1,nstdb|em|snr=6|leads=1,0.9263149212553972,0.42663778766205157,0.3937731456881272,
cnn_diagonly_aug_matched,1,nstdb|em|snr=6|leads=3,0.9258501306478408,0.4274379704762031,0.3962824039199979,
cnn_diagonly_aug_matched,1,nstdb|em|snr=6|leads=6,0.9245405887275439,0.4322530521553909,0.39380078594838464,
cnn_diagonly_aug_matched,1,nstdb|em|snr=0|leads=1,0.9244831861036612,0.2881376735416621,0.21571066862054722,
cnn_diagonly_aug_matched,1,nstdb|em|snr=0|leads=3,0.9211891302570443,0.2892701999430117,0.21587275489957583,
cnn_diagonly_aug_matched,1,nstdb|em|snr=0|leads=6,0.9139956317809143,0.2923988526764552,0.21697932446499002,
cnn_diagonly_aug_matched,1,nstdb|ma|snr=12|leads=1,0.9269719926953371,0.48848536787642605,0.5096987495013333,
cnn_diagonly_aug_matched,1,nstdb|ma|snr=12|leads=3,0.9266856097509578,0.4827902223820466,0.5086821307552238,
cnn_diagonly_aug_matched,1,nstdb|ma|snr=12|leads=6,0.9265346953123235,0.4837246165098119,0.5138150806691513,
cnn_diagonly_aug_matched,1,nstdb|ma|snr=6|leads=1,0.9268091694077757,0.4334250909937344,0.5353983059271312,
cnn_diagonly_aug_matched,1,nstdb|ma|snr=6|leads=3,0.9259423830459748,0.430534698699108,0.5357371955920924,
cnn_diagonly_aug_matched,1,nstdb|ma|snr=6|leads=6,0.926321079819464,0.42831244538048585,0.5454296094098119,
cnn_diagonly_aug_matched,1,nstdb|ma|snr=0|leads=1,0.9262510425453498,0.2873711772890508,0.5405549624175751,
cnn_diagonly_aug_matched,1,nstdb|ma|snr=0|leads=3,0.9247965838197534,0.29374699593666287,0.5616876463181051,
cnn_diagonly_aug_matched,1,nstdb|ma|snr=0|leads=6,0.923313204545383,0.2886390295146032,0.5545075700964548,
cnn_diagonly_aug_matched,1,nstdb|bw|snr=12|leads=1,0.9267242653366511,0.487723683576604,0.4702872554268872,
cnn_diagonly_aug_matched,1,nstdb|bw|snr=12|leads=3,0.926708436210855,0.4812022620555175,0.4719145865720114,
cnn_diagonly_aug_matched,1,nstdb|bw|snr=12|leads=6,0.92663278385359,0.47768789267953204,0.46765749340366625,
cnn_diagonly_aug_matched,1,nstdb|bw|snr=6|leads=1,0.9266353076850997,0.4275835559975828,0.3845566651265815,
cnn_diagonly_aug_matched,1,nstdb|bw|snr=6|leads=3,0.9267266092017185,0.43283605895266625,0.3925324723559367,
cnn_diagonly_aug_matched,1,nstdb|bw|snr=6|leads=6,0.9266913507055307,0.43420118593716134,0.3900864233770232,
cnn_diagonly_aug_matched,1,nstdb|bw|snr=0|leads=1,0.925522313674564,0.2846232887114672,0.1977190309160451,
cnn_diagonly_aug_matched,1,nstdb|bw|snr=0|leads=3,0.9256490974907358,0.29364709775788755,0.20256044973124598,
cnn_diagonly_aug_matched,1,nstdb|bw|snr=0|leads=6,0.9243152930057674,0.29158138817001333,0.19638922303600945,
cnn_diagonly_aug_matched,2,nstdb|em|snr=12|leads=1,0.928783085863014,0.48591100241585405,0.47991244939836336,
cnn_diagonly_aug_matched,2,nstdb|em|snr=12|leads=3,0.9286403175667493,0.4813506936819464,0.47044482040071445,
cnn_diagonly_aug_matched,2,nstdb|em|snr=12|leads=6,0.9280948524757603,0.4857646944327773,0.47097540670035004,
cnn_diagonly_aug_matched,2,nstdb|em|snr=6|leads=1,0.9284806913444035,0.42663778766205157,0.3937731456881272,
cnn_diagonly_aug_matched,2,nstdb|em|snr=6|leads=3,0.9282118107096953,0.4274379704762031,0.3962824039199979,
cnn_diagonly_aug_matched,2,nstdb|em|snr=6|leads=6,0.9265171469799146,0.4322530521553909,0.39380078594838464,
cnn_diagonly_aug_matched,2,nstdb|em|snr=0|leads=1,0.9273568790749506,0.2881376735416621,0.21571066862054722,
cnn_diagonly_aug_matched,2,nstdb|em|snr=0|leads=3,0.9236054454928763,0.2892701999430117,0.21587275489957583,
cnn_diagonly_aug_matched,2,nstdb|em|snr=0|leads=6,0.9176641906152454,0.2923988526764552,0.21697932446499002,
cnn_diagonly_aug_matched,2,nstdb|ma|snr=12|leads=1,0.928993867807748,0.48848536787642605,0.5096987495013333,
cnn_diagonly_aug_matched,2,nstdb|ma|snr=12|leads=3,0.9287101150961808,0.4827902223820466,0.5086821307552238,
cnn_diagonly_aug_matched,2,nstdb|ma|snr=12|leads=6,0.9287623826845657,0.4837246165098119,0.5138150806691513,
cnn_diagonly_aug_matched,2,nstdb|ma|snr=6|leads=1,0.9288617054216429,0.4334250909937344,0.5353983059271312,
cnn_diagonly_aug_matched,2,nstdb|ma|snr=6|leads=3,0.9284272858548294,0.430534698699108,0.5357371955920924,
cnn_diagonly_aug_matched,2,nstdb|ma|snr=6|leads=6,0.9284408045934086,0.42831244538048585,0.5454296094098119,
cnn_diagonly_aug_matched,2,nstdb|ma|snr=0|leads=1,0.9282674548646822,0.2873711772890508,0.5405549624175751,
cnn_diagonly_aug_matched,2,nstdb|ma|snr=0|leads=3,0.9269531734279038,0.29374699593666287,0.5616876463181051,
cnn_diagonly_aug_matched,2,nstdb|ma|snr=0|leads=6,0.9254469409038937,0.2886390295146032,0.5545075700964548,
cnn_diagonly_aug_matched,2,nstdb|bw|snr=12|leads=1,0.9289177608637222,0.487723683576604,0.4702872554268872,
cnn_diagonly_aug_matched,2,nstdb|bw|snr=12|leads=3,0.9288127183927329,0.4812022620555175,0.4719145865720114,
cnn_diagonly_aug_matched,2,nstdb|bw|snr=12|leads=6,0.9287058013282745,0.47768789267953204,0.46765749340366625,
cnn_diagonly_aug_matched,2,nstdb|bw|snr=6|leads=1,0.9286576572081267,0.4275835559975828,0.3845566651265815,
cnn_diagonly_aug_matched,2,nstdb|bw|snr=6|leads=3,0.928809374437531,0.43283605895266625,0.3925324723559367,
cnn_diagonly_aug_matched,2,nstdb|bw|snr=6|leads=6,0.9285456787112114,0.43420118593716134,0.3900864233770232,
cnn_diagonly_aug_matched,2,nstdb|bw|snr=0|leads=1,0.9281333221040704,0.2846232887114672,0.1977190309160451,
cnn_diagonly_aug_matched,2,nstdb|bw|snr=0|leads=3,0.9278863485722626,0.29364709775788755,0.20256044973124598,
cnn_diagonly_aug_matched,2,nstdb|bw|snr=0|leads=6,0.9264702494179039,0.29158138817001333,0.19638922303600945,
cnn_diagonly_aug_matched,3,nstdb|em|snr=12|leads=1,0.9274434826082496,0.48591100241585405,0.47991244939836336,
cnn_diagonly_aug_matched,3,nstdb|em|snr=12|leads=3,0.9271942919164522,0.4813506936819464,0.47044482040071445,
cnn_diagonly_aug_matched,3,nstdb|em|snr=12|leads=6,0.9270385822445443,0.4857646944327773,0.47097540670035004,
cnn_diagonly_aug_matched,3,nstdb|em|snr=6|leads=1,0.9272528835775603,0.42663778766205157,0.3937731456881272,
cnn_diagonly_aug_matched,3,nstdb|em|snr=6|leads=3,0.9270849290199861,0.4274379704762031,0.3962824039199979,
cnn_diagonly_aug_matched,3,nstdb|em|snr=6|leads=6,0.9254329034831545,0.4322530521553909,0.39380078594838464,
cnn_diagonly_aug_matched,3,nstdb|em|snr=0|leads=1,0.9256789981987309,0.2881376735416621,0.21571066862054722,
cnn_diagonly_aug_matched,3,nstdb|em|snr=0|leads=3,0.9221526422789346,0.2892701999430117,0.21587275489957583,
cnn_diagonly_aug_matched,3,nstdb|em|snr=0|leads=6,0.9170920737287638,0.2923988526764552,0.21697932446499002,
cnn_diagonly_aug_matched,3,nstdb|ma|snr=12|leads=1,0.9275535414043953,0.48848536787642605,0.5096987495013333,
cnn_diagonly_aug_matched,3,nstdb|ma|snr=12|leads=3,0.9273842774515645,0.4827902223820466,0.5086821307552238,
cnn_diagonly_aug_matched,3,nstdb|ma|snr=12|leads=6,0.9273764254502026,0.4837246165098119,0.5138150806691513,
cnn_diagonly_aug_matched,3,nstdb|ma|snr=6|leads=1,0.9275932589214518,0.4334250909937344,0.5353983059271312,
cnn_diagonly_aug_matched,3,nstdb|ma|snr=6|leads=3,0.926946109241333,0.430534698699108,0.5357371955920924,
cnn_diagonly_aug_matched,3,nstdb|ma|snr=6|leads=6,0.9272447935748287,0.42831244538048585,0.5454296094098119,
cnn_diagonly_aug_matched,3,nstdb|ma|snr=0|leads=1,0.926652348726277,0.2873711772890508,0.5405549624175751,
cnn_diagonly_aug_matched,3,nstdb|ma|snr=0|leads=3,0.9253819810856596,0.29374699593666287,0.5616876463181051,
cnn_diagonly_aug_matched,3,nstdb|ma|snr=0|leads=6,0.9223703991893538,0.2886390295146032,0.5545075700964548,
cnn_diagonly_aug_matched,3,nstdb|bw|snr=12|leads=1,0.9274936522644499,0.487723683576604,0.4702872554268872,
cnn_diagonly_aug_matched,3,nstdb|bw|snr=12|leads=3,0.9273507195204165,0.4812022620555175,0.4719145865720114,
cnn_diagonly_aug_matched,3,nstdb|bw|snr=12|leads=6,0.9271332034943256,0.47768789267953204,0.46765749340366625,
cnn_diagonly_aug_matched,3,nstdb|bw|snr=6|leads=1,0.9272849067470281,0.4275835559975828,0.3845566651265815,
cnn_diagonly_aug_matched,3,nstdb|bw|snr=6|leads=3,0.927466826118005,0.43283605895266625,0.3925324723559367,
cnn_diagonly_aug_matched,3,nstdb|bw|snr=6|leads=6,0.9269245212484647,0.43420118593716134,0.3900864233770232,
cnn_diagonly_aug_matched,3,nstdb|bw|snr=0|leads=1,0.9267112082076716,0.2846232887114672,0.1977190309160451,
cnn_diagonly_aug_matched,3,nstdb|bw|snr=0|leads=3,0.9256108557358669,0.29364709775788755,0.20256044973124598,
cnn_diagonly_aug_matched,3,nstdb|bw|snr=0|leads=6,0.9242455780011456,0.29158138817001333,0.19638922303600945,
cnn_diagonly_aug_matched,4,nstdb|em|snr=12|leads=1,0.928358784027772,0.48591100241585405,0.47991244939836336,
cnn_diagonly_aug_matched,4,nstdb|em|snr=12|leads=3,0.9282661869206794,0.4813506936819464,0.47044482040071445,
cnn_diagonly_aug_matched,4,nstdb|em|snr=12|leads=6,0.92794164970674,0.4857646944327773,0.47097540670035004,
cnn_diagonly_aug_matched,4,nstdb|em|snr=6|leads=1,0.9282663083574441,0.42663778766205157,0.3937731456881272,
cnn_diagonly_aug_matched,4,nstdb|em|snr=6|leads=3,0.9277679924425651,0.4274379704762031,0.3962824039199979,
cnn_diagonly_aug_matched,4,nstdb|em|snr=6|leads=6,0.9262996544059533,0.4322530521553909,0.39380078594838464,
cnn_diagonly_aug_matched,4,nstdb|em|snr=0|leads=1,0.9267385877501741,0.2881376735416621,0.21571066862054722,
cnn_diagonly_aug_matched,4,nstdb|em|snr=0|leads=3,0.9245090618658534,0.2892701999430117,0.21587275489957583,
cnn_diagonly_aug_matched,4,nstdb|em|snr=0|leads=6,0.9167449031033243,0.2923988526764552,0.21697932446499002,
cnn_diagonly_aug_matched,4,nstdb|ma|snr=12|leads=1,0.9285438982710759,0.48848536787642605,0.5096987495013333,
cnn_diagonly_aug_matched,4,nstdb|ma|snr=12|leads=3,0.9283736769317992,0.4827902223820466,0.5086821307552238,
cnn_diagonly_aug_matched,4,nstdb|ma|snr=12|leads=6,0.9283651607394091,0.4837246165098119,0.5138150806691513,
cnn_diagonly_aug_matched,4,nstdb|ma|snr=6|leads=1,0.9283581346312098,0.4334250909937344,0.5353983059271312,
cnn_diagonly_aug_matched,4,nstdb|ma|snr=6|leads=3,0.9280063560219804,0.430534698699108,0.5357371955920924,
cnn_diagonly_aug_matched,4,nstdb|ma|snr=6|leads=6,0.9279057681987313,0.42831244538048585,0.5454296094098119,
cnn_diagonly_aug_matched,4,nstdb|ma|snr=0|leads=1,0.9276927517616098,0.2873711772890508,0.5405549624175751,
cnn_diagonly_aug_matched,4,nstdb|ma|snr=0|leads=3,0.9264945204478158,0.29374699593666287,0.5616876463181051,
cnn_diagonly_aug_matched,4,nstdb|ma|snr=0|leads=6,0.9246027537202949,0.2886390295146032,0.5545075700964548,
cnn_diagonly_aug_matched,4,nstdb|bw|snr=12|leads=1,0.9284835365117262,0.487723683576604,0.4702872554268872,
cnn_diagonly_aug_matched,4,nstdb|bw|snr=12|leads=3,0.9282181874439781,0.4812022620555175,0.4719145865720114,
cnn_diagonly_aug_matched,4,nstdb|bw|snr=12|leads=6,0.9281668602589239,0.47768789267953204,0.46765749340366625,
cnn_diagonly_aug_matched,4,nstdb|bw|snr=6|leads=1,0.9284887002830533,0.4275835559975828,0.3845566651265815,
cnn_diagonly_aug_matched,4,nstdb|bw|snr=6|leads=3,0.9284502428925954,0.43283605895266625,0.3925324723559367,
cnn_diagonly_aug_matched,4,nstdb|bw|snr=6|leads=6,0.9278794970550301,0.43420118593716134,0.3900864233770232,
cnn_diagonly_aug_matched,4,nstdb|bw|snr=0|leads=1,0.9277705837646518,0.2846232887114672,0.1977190309160451,
cnn_diagonly_aug_matched,4,nstdb|bw|snr=0|leads=3,0.9272238824514168,0.29364709775788755,0.20256044973124598,
cnn_diagonly_aug_matched,4,nstdb|bw|snr=0|leads=6,0.9246403525166299,0.29158138817001333,0.19638922303600945,
cnn_diagonly_aug,3,nstdb|em|snr=12|leads=1,0.9283912707734985,0.48591100241585405,0.47991244939836336,
cnn_diagonly_aug,3,nstdb|em|snr=12|leads=3,0.9283600675204458,0.4813506936819464,0.47044482040071445,
cnn_diagonly_aug,3,nstdb|em|snr=12|leads=6,0.9280165051898821,0.4857646944327773,0.47097540670035004,
cnn_diagonly_aug,3,nstdb|em|snr=6|leads=1,0.9281484000250376,0.42663778766205157,0.3937731456881272,
cnn_diagonly_aug,3,nstdb|em|snr=6|leads=3,0.9276144005772806,0.4274379704762031,0.3962824039199979,
cnn_diagonly_aug,3,nstdb|em|snr=6|leads=6,0.9271530885058642,0.4322530521553909,0.39380078594838464,
cnn_diagonly_aug,3,nstdb|em|snr=0|leads=1,0.9265743009945331,0.2881376735416621,0.21571066862054722,
cnn_diagonly_aug,3,nstdb|em|snr=0|leads=3,0.9223350564122681,0.2892701999430117,0.21587275489957583,
cnn_diagonly_aug,3,nstdb|em|snr=0|leads=6,0.9167550865878293,0.2923988526764552,0.21697932446499002,
cnn_diagonly_aug,3,nstdb|ma|snr=12|leads=1,0.9285941909496481,0.48848536787642605,0.5096987495013333,
cnn_diagonly_aug,3,nstdb|ma|snr=12|leads=3,0.9284153287608486,0.4827902223820466,0.5086821307552238,
cnn_diagonly_aug,3,nstdb|ma|snr=12|leads=6,0.9285978481951908,0.4837246165098119,0.5138150806691513,
cnn_diagonly_aug,3,nstdb|ma|snr=6|leads=1,0.928432766464109,0.4334250909937344,0.5353983059271312,
cnn_diagonly_aug,3,nstdb|ma|snr=6|leads=3,0.9281274451904643,0.430534698699108,0.5357371955920924,
cnn_diagonly_aug,3,nstdb|ma|snr=6|leads=6,0.9282817021919071,0.42831244538048585,0.5454296094098119,
cnn_diagonly_aug,3,nstdb|ma|snr=0|leads=1,0.9281043663994624,0.2873711772890508,0.5405549624175751,
cnn_diagonly_aug,3,nstdb|ma|snr=0|leads=3,0.9269637859258791,0.29374699593666287,0.5616876463181051,
cnn_diagonly_aug,3,nstdb|ma|snr=0|leads=6,0.9245167671682442,0.2886390295146032,0.5545075700964548,
cnn_diagonly_aug,3,nstdb|bw|snr=12|leads=1,0.9284152406770356,0.487723683576604,0.4702872554268872,
cnn_diagonly_aug,3,nstdb|bw|snr=12|leads=3,0.9284015830248382,0.4812022620555175,0.4719145865720114,
cnn_diagonly_aug,3,nstdb|bw|snr=12|leads=6,0.9283135689706313,0.47768789267953204,0.46765749340366625,
cnn_diagonly_aug,3,nstdb|bw|snr=6|leads=1,0.9282254579615479,0.4275835559975828,0.3845566651265815,
cnn_diagonly_aug,3,nstdb|bw|snr=6|leads=3,0.9284644023293944,0.43283605895266625,0.3925324723559367,
cnn_diagonly_aug,3,nstdb|bw|snr=6|leads=6,0.9284921098669845,0.43420118593716134,0.3900864233770232,
cnn_diagonly_aug,3,nstdb|bw|snr=0|leads=1,0.9278000130038034,0.2846232887114672,0.1977190309160451,
cnn_diagonly_aug,3,nstdb|bw|snr=0|leads=3,0.9276856605547422,0.29364709775788755,0.20256044973124598,
cnn_diagonly_aug,3,nstdb|bw|snr=0|leads=6,0.925712439387888,0.29158138817001333,0.19638922303600945,
cnn_diagonly_aug,4,nstdb|em|snr=12|leads=1,0.9276212851862736,0.48591100241585405,0.47991244939836336,
cnn_diagonly_aug,4,nstdb|em|snr=12|leads=3,0.927519325020282,0.4813506936819464,0.47044482040071445,
cnn_diagonly_aug,4,nstdb|em|snr=12|leads=6,0.9268528781440976,0.4857646944327773,0.47097540670035004,
cnn_diagonly_aug,4,nstdb|em|snr=6|leads=1,0.9270809735046827,0.42663778766205157,0.3937731456881272,
cnn_diagonly_aug,4,nstdb|em|snr=6|leads=3,0.9268021659634202,0.4274379704762031,0.3962824039199979,
cnn_diagonly_aug,4,nstdb|em|snr=6|leads=6,0.9254297968452457,0.4322530521553909,0.39380078594838464,
cnn_diagonly_aug,4,nstdb|em|snr=0|leads=1,0.9257571196057114,0.2881376735416621,0.21571066862054722,
cnn_diagonly_aug,4,nstdb|em|snr=0|leads=3,0.9217410218505802,0.2892701999430117,0.21587275489957583,
cnn_diagonly_aug,4,nstdb|em|snr=0|leads=6,0.9145558515823293,0.2923988526764552,0.21697932446499002,
cnn_diagonly_aug,4,nstdb|ma|snr=12|leads=1,0.9277603826839662,0.48848536787642605,0.5096987495013333,
cnn_diagonly_aug,4,nstdb|ma|snr=12|leads=3,0.9276147162925182,0.4827902223820466,0.5086821307552238,
cnn_diagonly_aug,4,nstdb|ma|snr=12|leads=6,0.9277634660367386,0.4837246165098119,0.5138150806691513,
cnn_diagonly_aug,4,nstdb|ma|snr=6|leads=1,0.9275835785728965,0.4334250909937344,0.5353983059271312,
cnn_diagonly_aug,4,nstdb|ma|snr=6|leads=3,0.9273727624121776,0.430534698699108,0.5357371955920924,
cnn_diagonly_aug,4,nstdb|ma|snr=6|leads=6,0.9268154563125168,0.42831244538048585,0.5454296094098119,
cnn_diagonly_aug,4,nstdb|ma|snr=0|leads=1,0.9269618154235199,0.2873711772890508,0.5405549624175751,
cnn_diagonly_aug,4,nstdb|ma|snr=0|leads=3,0.9255038618595501,0.29374699593666287,0.5616876463181051,
cnn_diagonly_aug,4,nstdb|ma|snr=0|leads=6,0.922680266494892,0.2886390295146032,0.5545075700964548,
cnn_diagonly_aug,4,nstdb|bw|snr=12|leads=1,0.9276200781804322,0.487723683576604,0.4702872554268872,
cnn_diagonly_aug,4,nstdb|bw|snr=12|leads=3,0.9274384969165193,0.4812022620555175,0.4719145865720114,
cnn_diagonly_aug,4,nstdb|bw|snr=12|leads=6,0.927345649351939,0.47768789267953204,0.46765749340366625,
cnn_diagonly_aug,4,nstdb|bw|snr=6|leads=1,0.9272758013255669,0.4275835559975828,0.3845566651265815,
cnn_diagonly_aug,4,nstdb|bw|snr=6|leads=3,0.9276177930301761,0.43283605895266625,0.3925324723559367,
cnn_diagonly_aug,4,nstdb|bw|snr=6|leads=6,0.9272854857822675,0.43420118593716134,0.3900864233770232,
cnn_diagonly_aug,4,nstdb|bw|snr=0|leads=1,0.9271415296680873,0.2846232887114672,0.1977190309160451,
cnn_diagonly_aug,4,nstdb|bw|snr=0|leads=3,0.9255787723715547,0.29364709775788755,0.20256044973124598,
cnn_diagonly_aug,4,nstdb|bw|snr=0|leads=6,0.923765783286895,0.29158138817001333,0.19638922303600945,
cnn_diagonly_clean,3,nstdb|em|snr=12|leads=1,0.923773052722123,0.48591100241585405,0.47991244939836336,
cnn_diagonly_clean,3,nstdb|em|snr=12|leads=3,0.9237800498286163,0.4813506936819464,0.47044482040071445,
cnn_diagonly_clean,3,nstdb|em|snr=12|leads=6,0.9230446357218428,0.4857646944327773,0.47097540670035004,
cnn_diagonly_clean,3,nstdb|em|snr=6|leads=1,0.9235070102125047,0.42663778766205157,0.3937731456881272,
cnn_diagonly_clean,3,nstdb|em|snr=6|leads=3,0.9231904595533555,0.4274379704762031,0.3962824039199979,
cnn_diagonly_clean,3,nstdb|em|snr=6|leads=6,0.9222370395068531,0.4322530521553909,0.39380078594838464,
cnn_diagonly_clean,3,nstdb|em|snr=0|leads=1,0.9223097808493655,0.2881376735416621,0.21571066862054722,
cnn_diagonly_clean,3,nstdb|em|snr=0|leads=3,0.9199701822491594,0.2892701999430117,0.21587275489957583,
cnn_diagonly_clean,3,nstdb|em|snr=0|leads=6,0.9145513036638737,0.2923988526764552,0.21697932446499002,
cnn_diagonly_clean,3,nstdb|ma|snr=12|leads=1,0.9237970148673922,0.48848536787642605,0.5096987495013333,
cnn_diagonly_clean,3,nstdb|ma|snr=12|leads=3,0.9238256995395435,0.4827902223820466,0.5086821307552238,
cnn_diagonly_clean,3,nstdb|ma|snr=12|leads=6,0.9236617386515888,0.4837246165098119,0.5138150806691513,
cnn_diagonly_clean,3,nstdb|ma|snr=6|leads=1,0.9237255969554639,0.4334250909937344,0.5353983059271312,
cnn_diagonly_clean,3,nstdb|ma|snr=6|leads=3,0.9231252156419183,0.430534698699108,0.5357371955920924,
cnn_diagonly_clean,3,nstdb|ma|snr=6|leads=6,0.9231273486115595,0.42831244538048585,0.5454296094098119,
cnn_diagonly_clean,3,nstdb|ma|snr=0|leads=1,0.9232829932998614,0.2873711772890508,0.5405549624175751,
cnn_diagonly_clean,3,nstdb|ma|snr=0|leads=3,0.9219963694333961,0.29374699593666287,0.5616876463181051,
cnn_diagonly_clean,3,nstdb|ma|snr=0|leads=6,0.9196550240721679,0.2886390295146032,0.5545075700964548,
cnn_diagonly_clean,3,nstdb|bw|snr=12|leads=1,0.9238454423272872,0.487723683576604,0.4702872554268872,
cnn_diagonly_clean,3,nstdb|bw|snr=12|leads=3,0.9235573009531104,0.4812022620555175,0.4719145865720114,
cnn_diagonly_clean,3,nstdb|bw|snr=12|leads=6,0.9234660608372247,0.47768789267953204,0.46765749340366625,
cnn_diagonly_clean,3,nstdb|bw|snr=6|leads=1,0.9240960741094139,0.4275835559975828,0.3845566651265815,
cnn_diagonly_clean,3,nstdb|bw|snr=6|leads=3,0.9237367303092079,0.43283605895266625,0.3925324723559367,
cnn_diagonly_clean,3,nstdb|bw|snr=6|leads=6,0.9227677598669007,0.43420118593716134,0.3900864233770232,
cnn_diagonly_clean,3,nstdb|bw|snr=0|leads=1,0.9234967330975052,0.2846232887114672,0.1977190309160451,
cnn_diagonly_clean,3,nstdb|bw|snr=0|leads=3,0.92251844808799,0.29364709775788755,0.20256044973124598,
cnn_diagonly_clean,3,nstdb|bw|snr=0|leads=6,0.9217689385669068,0.29158138817001333,0.19638922303600945,
cnn_diagonly_clean,4,nstdb|em|snr=12|leads=1,0.9273652444004084,0.48591100241585405,0.47991244939836336,
cnn_diagonly_clean,4,nstdb|em|snr=12|leads=3,0.927197750582963,0.4813506936819464,0.47044482040071445,
cnn_diagonly_clean,4,nstdb|em|snr=12|leads=6,0.9267008588008894,0.4857646944327773,0.47097540670035004,
cnn_diagonly_clean,4,nstdb|em|snr=6|leads=1,0.92704930515968,0.42663778766205157,0.3937731456881272,
cnn_diagonly_clean,4,nstdb|em|snr=6|leads=3,0.9262262074701597,0.4274379704762031,0.3962824039199979,
cnn_diagonly_clean,4,nstdb|em|snr=6|leads=6,0.9248867000247651,0.4322530521553909,0.39380078594838464,
cnn_diagonly_clean,4,nstdb|em|snr=0|leads=1,0.9257183058981088,0.2881376735416621,0.21571066862054722,
cnn_diagonly_clean,4,nstdb|em|snr=0|leads=3,0.9205105958145683,0.2892701999430117,0.21587275489957583,
cnn_diagonly_clean,4,nstdb|em|snr=0|leads=6,0.9152338222001543,0.2923988526764552,0.21697932446499002,
cnn_diagonly_clean,4,nstdb|ma|snr=12|leads=1,0.9274709768013004,0.48848536787642605,0.5096987495013333,
cnn_diagonly_clean,4,nstdb|ma|snr=12|leads=3,0.9274546339676173,0.4827902223820466,0.5086821307552238,
cnn_diagonly_clean,4,nstdb|ma|snr=12|leads=6,0.927426339072251,0.4837246165098119,0.5138150806691513,
cnn_diagonly_clean,4,nstdb|ma|snr=6|leads=1,0.9272734089704354,0.4334250909937344,0.5353983059271312,
cnn_diagonly_clean,4,nstdb|ma|snr=6|leads=3,0.9266782105400242,0.430534698699108,0.5357371955920924,
cnn_diagonly_clean,4,nstdb|ma|snr=6|leads=6,0.9266102228621202,0.42831244538048585,0.5454296094098119,
cnn_diagonly_clean,4,nstdb|ma|snr=0|leads=1,0.9267708305456956,0.2873711772890508,0.5405549624175751,
cnn_diagonly_clean,4,nstdb|ma|snr=0|leads=3,0.9253736398963991,0.29374699593666287,0.5616876463181051,
cnn_diagonly_clean,4,nstdb|ma|snr=0|leads=6,0.9229946262290236,0.2886390295146032,0.5545075700964548,
cnn_diagonly_clean,4,nstdb|bw|snr=12|leads=1,0.9274248249426001,0.487723683576604,0.4702872554268872,
cnn_diagonly_clean,4,nstdb|bw|snr=12|leads=3,0.9270052395223619,0.4812022620555175,0.4719145865720114,
cnn_diagonly_clean,4,nstdb|bw|snr=12|leads=6,0.9273010440896963,0.47768789267953204,0.46765749340366625,
cnn_diagonly_clean,4,nstdb|bw|snr=6|leads=1,0.9273908280271412,0.4275835559975828,0.3845566651265815,
cnn_diagonly_clean,4,nstdb|bw|snr=6|leads=3,0.9271635325025642,0.43283605895266625,0.3925324723559367,
cnn_diagonly_clean,4,nstdb|bw|snr=6|leads=6,0.9266529557405052,0.43420118593716134,0.3900864233770232,
cnn_diagonly_clean,4,nstdb|bw|snr=0|leads=1,0.9270800548318899,0.2846232887114672,0.1977190309160451,
cnn_diagonly_clean,4,nstdb|bw|snr=0|leads=3,0.9249826984605811,0.29364709775788755,0.20256044973124598,
cnn_diagonly_clean,4,nstdb|bw|snr=0|leads=6,0.923549425532159,0.29158138817001333,0.19638922303600945,
cnn_full_leadwise_cleanfrac20,3,nstdb|em|snr=12|leads=1,0.9275616607056728,0.48591100241585405,0.47991244939836336,0.6794556984491887
cnn_full_leadwise_cleanfrac20,3,nstdb|em|snr=12|leads=3,0.9273116639562102,0.4813506936819464,0.47044482040071445,0.6870502613576858
cnn_full_leadwise_cleanfrac20,3,nstdb|em|snr=12|leads=6,0.9274271857343844,0.4857646944327773,0.47097540670035004,0.6797038651266266
cnn_full_leadwise_cleanfrac20,3,nstdb|em|snr=6|leads=1,0.9274398297768884,0.42663778766205157,0.3937731456881272,0.7943315449917391
cnn_full_leadwise_cleanfrac20,3,nstdb|em|snr=6|leads=3,0.9271546848408245,0.4274379704762031,0.3962824039199979,0.7916846723570374
cnn_full_leadwise_cleanfrac20,3,nstdb|em|snr=6|leads=6,0.9258161536389975,0.4322530521553909,0.39380078594838464,0.7915617610529092
cnn_full_leadwise_cleanfrac20,3,nstdb|em|snr=0|leads=1,0.9262491293019499,0.2881376735416621,0.21571066862054722,0.8792154756149754
cnn_full_leadwise_cleanfrac20,3,nstdb|em|snr=0|leads=3,0.9232819451427006,0.2892701999430117,0.21587275489957583,0.8698078277480223
cnn_full_leadwise_cleanfrac20,3,nstdb|em|snr=0|leads=6,0.9163992544611383,0.2923988526764552,0.21697932446499002,0.8711338933596128
cnn_full_leadwise_cleanfrac20,3,nstdb|ma|snr=12|leads=1,0.9277442170712084,0.48848536787642605,0.5096987495013333,0.843075572606765
cnn_full_leadwise_cleanfrac20,3,nstdb|ma|snr=12|leads=3,0.9277893603373357,0.4827902223820466,0.5086821307552238,0.8442654874466458
cnn_full_leadwise_cleanfrac20,3,nstdb|ma|snr=12|leads=6,0.9279231434360729,0.4837246165098119,0.5138150806691513,0.8435814948919034
cnn_full_leadwise_cleanfrac20,3,nstdb|ma|snr=6|leads=1,0.9276790020083109,0.4334250909937344,0.5353983059271312,0.9190581226114463
cnn_full_leadwise_cleanfrac20,3,nstdb|ma|snr=6|leads=3,0.9271972493761735,0.430534698699108,0.5357371955920924,0.919480596594055
cnn_full_leadwise_cleanfrac20,3,nstdb|ma|snr=6|leads=6,0.9269716057323819,0.42831244538048585,0.5454296094098119,0.9194968337263888
cnn_full_leadwise_cleanfrac20,3,nstdb|ma|snr=0|leads=1,0.9271357764806721,0.2873711772890508,0.5405549624175751,0.9631989073490018
cnn_full_leadwise_cleanfrac20,3,nstdb|ma|snr=0|leads=3,0.9259575595902911,0.29374699593666287,0.5616876463181051,0.9650923028632197
cnn_full_leadwise_cleanfrac20,3,nstdb|ma|snr=0|leads=6,0.9241964526276385,0.2886390295146032,0.5545075700964548,0.9645845388158941
cnn_full_leadwise_cleanfrac20,3,nstdb|bw|snr=12|leads=1,0.9277000036890554,0.487723683576604,0.4702872554268872,0.5450432162163239
cnn_full_leadwise_cleanfrac20,3,nstdb|bw|snr=12|leads=3,0.9276514470303882,0.4812022620555175,0.4719145865720114,0.5529972245150846
cnn_full_leadwise_cleanfrac20,3,nstdb|bw|snr=12|leads=6,0.9276350332376205,0.47768789267953204,0.46765749340366625,0.5568785831045482
cnn_full_leadwise_cleanfrac20,3,nstdb|bw|snr=6|leads=1,0.9272457383031188,0.4275835559975828,0.3845566651265815,0.6370265145821495
cnn_full_leadwise_cleanfrac20,3,nstdb|bw|snr=6|leads=3,0.9274530129977328,0.43283605895266625,0.3925324723559367,0.6347113102489566
cnn_full_leadwise_cleanfrac20,3,nstdb|bw|snr=6|leads=6,0.9271831932281739,0.43420118593716134,0.3900864233770232,0.6353951099423956
cnn_full_leadwise_cleanfrac20,3,nstdb|bw|snr=0|leads=1,0.9272246160019583,0.2846232887114672,0.1977190309160451,0.7613895896749275
cnn_full_leadwise_cleanfrac20,3,nstdb|bw|snr=0|leads=3,0.9263638223248061,0.29364709775788755,0.20256044973124598,0.758400032327531
cnn_full_leadwise_cleanfrac20,3,nstdb|bw|snr=0|leads=6,0.9251490106066432,0.29158138817001333,0.19638922303600945,0.7600373840362759
cnn_full_leadwise_cleanfrac20,4,nstdb|em|snr=12|leads=1,0.9255751056999294,0.48591100241585405,0.47991244939836336,0.6864333618523688
cnn_full_leadwise_cleanfrac20,4,nstdb|em|snr=12|leads=3,0.9252985560109248,0.4813506936819464,0.47044482040071445,0.6889392841440143
cnn_full_leadwise_cleanfrac20,4,nstdb|em|snr=12|leads=6,0.925089019034872,0.4857646944327773,0.47097540670035004,0.6882962954930388
cnn_full_leadwise_cleanfrac20,4,nstdb|em|snr=6|leads=1,0.9251477498004045,0.42663778766205157,0.3937731456881272,0.8273332836976662
cnn_full_leadwise_cleanfrac20,4,nstdb|em|snr=6|leads=3,0.9248481968871483,0.4274379704762031,0.3962824039199979,0.8246896237310163
cnn_full_leadwise_cleanfrac20,4,nstdb|em|snr=6|leads=6,0.9229307851278538,0.4322530521553909,0.39380078594838464,0.8248717583673254
cnn_full_leadwise_cleanfrac20,4,nstdb|em|snr=0|leads=1,0.9241126847068027,0.2881376735416621,0.21571066862054722,0.9232848228627453
cnn_full_leadwise_cleanfrac20,4,nstdb|em|snr=0|leads=3,0.9202336237613379,0.2892701999430117,0.21587275489957583,0.9228135143013376
cnn_full_leadwise_cleanfrac20,4,nstdb|em|snr=0|leads=6,0.9119990895631366,0.2923988526764552,0.21697932446499002,0.9220162028069981
cnn_full_leadwise_cleanfrac20,4,nstdb|ma|snr=12|leads=1,0.9256944964679805,0.48848536787642605,0.5096987495013333,0.8943397262875361
cnn_full_leadwise_cleanfrac20,4,nstdb|ma|snr=12|leads=3,0.9254404908435591,0.4827902223820466,0.5086821307552238,0.9017659041065921
cnn_full_leadwise_cleanfrac20,4,nstdb|ma|snr=12|leads=6,0.9256843432734291,0.4837246165098119,0.5138150806691513,0.9001965956552141
cnn_full_leadwise_cleanfrac20,4,nstdb|ma|snr=6|leads=1,0.9256900339203297,0.4334250909937344,0.5353983059271312,0.9592993515634961
cnn_full_leadwise_cleanfrac20,4,nstdb|ma|snr=6|leads=3,0.9250913618843404,0.430534698699108,0.5357371955920924,0.9591824877355322
cnn_full_leadwise_cleanfrac20,4,nstdb|ma|snr=6|leads=6,0.9254086601589302,0.42831244538048585,0.5454296094098119,0.9601779334013415
cnn_full_leadwise_cleanfrac20,4,nstdb|ma|snr=0|leads=1,0.9251794821307643,0.2873711772890508,0.5405549624175751,0.9856735183929037
cnn_full_leadwise_cleanfrac20,4,nstdb|ma|snr=0|leads=3,0.9234748264369836,0.29374699593666287,0.5616876463181051,0.9857517329602147
cnn_full_leadwise_cleanfrac20,4,nstdb|ma|snr=0|leads=6,0.9207034338142023,0.2886390295146032,0.5545075700964548,0.9852518901441655
cnn_full_leadwise_cleanfrac20,4,nstdb|bw|snr=12|leads=1,0.92561347868852,0.487723683576604,0.4702872554268872,0.5732482871595393
cnn_full_leadwise_cleanfrac20,4,nstdb|bw|snr=12|leads=3,0.9254313456280887,0.4812022620555175,0.4719145865720114,0.579401515665571
cnn_full_leadwise_cleanfrac20,4,nstdb|bw|snr=12|leads=6,0.9251792140760072,0.47768789267953204,0.46765749340366625,0.5842180060275798
cnn_full_leadwise_cleanfrac20,4,nstdb|bw|snr=6|leads=1,0.9253905014301056,0.4275835559975828,0.3845566651265815,0.6860590641534621
cnn_full_leadwise_cleanfrac20,4,nstdb|bw|snr=6|leads=3,0.9246932854650961,0.43283605895266625,0.3925324723559367,0.6899918018437509
cnn_full_leadwise_cleanfrac20,4,nstdb|bw|snr=6|leads=6,0.9252830900860214,0.43420118593716134,0.3900864233770232,0.6837774955004066
cnn_full_leadwise_cleanfrac20,4,nstdb|bw|snr=0|leads=1,0.9244310371528279,0.2846232887114672,0.1977190309160451,0.8289792155654121
cnn_full_leadwise_cleanfrac20,4,nstdb|bw|snr=0|leads=3,0.9235678905336707,0.29364709775788755,0.20256044973124598,0.8204190342479364
cnn_full_leadwise_cleanfrac20,4,nstdb|bw|snr=0|leads=6,0.9225471565449942,0.29158138817001333,0.19638922303600945,0.8272458909567121
cnn_fused_gated,0,nstdb|em|snr=12|leads=1,0.9290087683544902,0.48591100241585405,0.47991244939836336,0.6814484813398913
cnn_fused_gated,0,nstdb|em|snr=12|leads=3,0.9288430720898473,0.4813506936819464,0.47044482040071445,0.6801027927684694
cnn_fused_gated,0,nstdb|em|snr=12|leads=6,0.9283904888879058,0.4857646944327773,0.47097540670035004,0.6810016228741873
cnn_fused_gated,0,nstdb|em|snr=6|leads=1,0.928806606565353,0.42663778766205157,0.3937731456881272,0.8063967016045023
cnn_fused_gated,0,nstdb|em|snr=6|leads=3,0.9281512632529358,0.4274379704762031,0.3962824039199979,0.8048312877946517
cnn_fused_gated,0,nstdb|em|snr=6|leads=6,0.9268695153230929,0.4322530521553909,0.39380078594838464,0.8048767722442729
cnn_fused_gated,0,nstdb|em|snr=0|leads=1,0.926891141135252,0.2881376735416621,0.21571066862054722,0.9006974286251729
cnn_fused_gated,0,nstdb|em|snr=0|leads=3,0.9241918078720097,0.2892701999430117,0.21587275489957583,0.8982896208615584
cnn_fused_gated,0,nstdb|em|snr=0|leads=6,0.9178812491571289,0.2923988526764552,0.21697932446499002,0.9012429020280165
cnn_fused_gated,0,nstdb|ma|snr=12|leads=1,0.9290040554388849,0.48848536787642605,0.5096987495013333,0.9010983921557634
cnn_fused_gated,0,nstdb|ma|snr=12|leads=3,0.9289116832588267,0.4827902223820466,0.5086821307552238,0.9036231027895555
cnn_fused_gated,0,nstdb|ma|snr=12|leads=6,0.9284232981921854,0.4837246165098119,0.5138150806691513,0.90147477102154
cnn_fused_gated,0,nstdb|ma|snr=6|leads=1,0.9291935198187193,0.4334250909937344,0.5353983059271312,0.9652003673716102
cnn_fused_gated,0,nstdb|ma|snr=6|leads=3,0.927995179840365,0.430534698699108,0.5357371955920924,0.9642037172715958
cnn_fused_gated,0,nstdb|ma|snr=6|leads=6,0.928268351582769,0.42831244538048585,0.5454296094098119,0.9642192674598014
cnn_fused_gated,0,nstdb|ma|snr=0|leads=1,0.9284203395853055,0.2873711772890508,0.5405549624175751,0.9888945888351294
cnn_fused_gated,0,nstdb|ma|snr=0|leads=3,0.9275392076263941,0.29374699593666287,0.5616876463181051,0.9877654356087087
cnn_fused_gated,0,nstdb|ma|snr=0|leads=6,0.9238933150558699,0.2886390295146032,0.5545075700964548,0.9879631761045276
cnn_fused_gated,0,nstdb|bw|snr=12|leads=1,0.9290264306113312,0.487723683576604,0.4702872554268872,0.5745936623087488
cnn_fused_gated,0,nstdb|bw|snr=12|leads=3,0.9288475789247631,0.4812022620555175,0.4719145865720114,0.570335189287365
cnn_fused_gated,0,nstdb|bw|snr=12|leads=6,0.9287410279810535,0.47768789267953204,0.46765749340366625,0.574432547566278
cnn_fused_gated,0,nstdb|bw|snr=6|leads=1,0.9289416378129094,0.4275835559975828,0.3845566651265815,0.6624458650430936
cnn_fused_gated,0,nstdb|bw|snr=6|leads=3,0.9289783936492615,0.43283605895266625,0.3925324723559367,0.6696043578797021
cnn_fused_gated,0,nstdb|bw|snr=6|leads=6,0.9290966700805787,0.43420118593716134,0.3900864233770232,0.6692562352735483
cnn_fused_gated,0,nstdb|bw|snr=0|leads=1,0.9287289829026513,0.2846232887114672,0.1977190309160451,0.7977356941326815
cnn_fused_gated,0,nstdb|bw|snr=0|leads=3,0.9274538630539115,0.29364709775788755,0.20256044973124598,0.7908696166286303
cnn_fused_gated,0,nstdb|bw|snr=0|leads=6,0.9269874616205879,0.29158138817001333,0.19638922303600945,0.7989661319883273
cnn_fused_gated,1,nstdb|em|snr=12|leads=1,0.929350055891268,0.48591100241585405,0.47991244939836336,0.7013779890620896
cnn_fused_gated,1,nstdb|em|snr=12|leads=3,0.9290494979574555,0.4813506936819464,0.47044482040071445,0.7011740075961744
cnn_fused_gated,1,nstdb|em|snr=12|leads=6,0.928998317453995,0.4857646944327773,0.47097540670035004,0.7019277115591475
cnn_fused_gated,1,nstdb|em|snr=6|leads=1,0.9292986811374142,0.42663778766205157,0.3937731456881272,0.8309593975817722
cnn_fused_gated,1,nstdb|em|snr=6|leads=3,0.9287471310679788,0.4274379704762031,0.3962824039199979,0.8295107029990958
cnn_fused_gated,1,nstdb|em|snr=6|leads=6,0.9266317941402985,0.4322530521553909,0.39380078594838464,0.832049712120505
cnn_fused_gated,1,nstdb|em|snr=0|leads=1,0.9272295891759337,0.2881376735416621,0.21571066862054722,0.9187084507885785
cnn_fused_gated,1,nstdb|em|snr=0|leads=3,0.9236187453130309,0.2892701999430117,0.21587275489957583,0.9167298456438333
cnn_fused_gated,1,nstdb|em|snr=0|leads=6,0.9143017928625035,0.2923988526764552,0.21697932446499002,0.917709075054048
cnn_fused_gated,1,nstdb|ma|snr=12|leads=1,0.9292908909404141,0.48848536787642605,0.5096987495013333,0.9209540515315049
cnn_fused_gated,1,nstdb|ma|snr=12|leads=3,0.9285761594127522,0.4827902223820466,0.5086821307552238,0.9243309947568129
cnn_fused_gated,1,nstdb|ma|snr=12|leads=6,0.928527195640784,0.4837246165098119,0.5138150806691513,0.923463414147071
cnn_fused_gated,1,nstdb|ma|snr=6|leads=1,0.929493960345987,0.4334250909937344,0.5353983059271312,0.9697829178760319
cnn_fused_gated,1,nstdb|ma|snr=6|leads=3,0.9289325174886963,0.430534698699108,0.5357371955920924,0.9709624879753959
cnn_fused_gated,1,nstdb|ma|snr=6|leads=6,0.9287358456087895,0.42831244538048585,0.5454296094098119,0.9701023444554101
cnn_fused_gated,1,nstdb|ma|snr=0|leads=1,0.9291394682141378,0.2873711772890508,0.5405549624175751,0.9897993921283559
cnn_fused_gated,1,nstdb|ma|snr=0|leads=3,0.9278398912984069,0.29374699593666287,0.5616876463181051,0.9881242411404766
cnn_fused_gated,1,nstdb|ma|snr=0|leads=6,0.9236895753775556,0.2886390295146032,0.5545075700964548,0.9890259959779232
cnn_fused_gated,1,nstdb|bw|snr=12|leads=1,0.9294534657356005,0.487723683576604,0.4702872554268872,0.5986637431597066
cnn_fused_gated,1,nstdb|bw|snr=12|leads=3,0.9295088249949955,0.4812022620555175,0.4719145865720114,0.6015685445615546
cnn_fused_gated,1,nstdb|bw|snr=12|leads=6,0.9294324953876197,0.47768789267953204,0.46765749340366625,0.6005697327701052
cnn_fused_gated,1,nstdb|bw|snr=6|leads=1,0.929525337902535,0.4275835559975828,0.3845566651265815,0.7074103038335314
cnn_fused_gated,1,nstdb|bw|snr=6|leads=3,0.9292777169334085,0.43283605895266625,0.3925324723559367,0.7087859808012894
cnn_fused_gated,1,nstdb|bw|snr=6|leads=6,0.9292601043955118,0.43420118593716134,0.3900864233770232,0.7123736414491882
cnn_fused_gated,1,nstdb|bw|snr=0|leads=1,0.9292167214474087,0.2846232887114672,0.1977190309160451,0.8335974213711297
cnn_fused_gated,1,nstdb|bw|snr=0|leads=3,0.9284919579137643,0.29364709775788755,0.20256044973124598,0.8277643339531301
cnn_fused_gated,1,nstdb|bw|snr=0|leads=6,0.9284251508379278,0.29158138817001333,0.19638922303600945,0.8323918341553758
cnn_fused_gated,2,nstdb|em|snr=12|leads=1,0.92931384248658,0.48591100241585405,0.47991244939836336,0.6856704379622744
cnn_fused_gated,2,nstdb|em|snr=12|leads=3,0.9289544559274756,0.4813506936819464,0.47044482040071445,0.6858767738905528
cnn_fused_gated,2,nstdb|em|snr=12|leads=6,0.9287939477387877,0.4857646944327773,0.47097540670035004,0.6867431406670382
cnn_fused_gated,2,nstdb|em|snr=6|leads=1,0.9289552143975607,0.42663778766205157,0.3937731456881272,0.7923046196855056
cnn_fused_gated,2,nstdb|em|snr=6|leads=3,0.9279664965787328,0.4274379704762031,0.3962824039199979,0.7940794928006983
cnn_fused_gated,2,nstdb|em|snr=6|leads=6,0.9260859109715579,0.4322530521553909,0.39380078594838464,0.7929030736429237
cnn_fused_gated,2,nstdb|em|snr=0|leads=1,0.9267185420424064,0.2881376735416621,0.21571066862054722,0.8727345072493972
cnn_fused_gated,2,nstdb|em|snr=0|leads=3,0.9221322882143985,0.2892701999430117,0.21587275489957583,0.8704563626526735
cnn_fused_gated,2,nstdb|em|snr=0|leads=6,0.9152646621449871,0.2923988526764552,0.21697932446499002,0.870622979907081
cnn_fused_gated,2,nstdb|ma|snr=12|leads=1,0.9292102942623315,0.48848536787642605,0.5096987495013333,0.8487295000074571
cnn_fused_gated,2,nstdb|ma|snr=12|leads=3,0.9291763033219909,0.4827902223820466,0.5086821307552238,0.8554081546435579
cnn_fused_gated,2,nstdb|ma|snr=12|leads=6,0.9292720010102189,0.4837246165098119,0.5138150806691513,0.8523355529720887
cnn_fused_gated,2,nstdb|ma|snr=6|leads=1,0.9293574795194219,0.4334250909937344,0.5353983059271312,0.9306837419868785
cnn_fused_gated,2,nstdb|ma|snr=6|leads=3,0.9291092162389731,0.430534698699108,0.5357371955920924,0.9297381337967221
cnn_fused_gated,2,nstdb|ma|snr=6|leads=6,0.9285080587947883,0.42831244538048585,0.5454296094098119,0.9305099011096307
cnn_fused_gated,2,nstdb|ma|snr=0|leads=1,0.9292489335810303,0.2873711772890508,0.5405549624175751,0.9713378716262354
cnn_fused_gated,2,nstdb|ma|snr=0|leads=3,0.9280491679139479,0.29374699593666287,0.5616876463181051,0.9705474981681755
cnn_fused_gated,2,nstdb|ma|snr=0|leads=6,0.924076881371642,0.2886390295146032,0.5545075700964548,0.9701307755916133
cnn_fused_gated,2,nstdb|bw|snr=12|leads=1,0.9294058113810264,0.487723683576604,0.4702872554268872,0.5468718754028669
cnn_fused_gated,2,nstdb|bw|snr=12|leads=3,0.9293303662654193,0.4812022620555175,0.4719145865720114,0.5499623471110903
cnn_fused_gated,2,nstdb|bw|snr=12|leads=6,0.9292682197831532,0.47768789267953204,0.46765749340366625,0.5487649398716513
cnn_fused_gated,2,nstdb|bw|snr=6|leads=1,0.9295138668363216,0.4275835559975828,0.3845566651265815,0.6169458451706071
cnn_fused_gated,2,nstdb|bw|snr=6|leads=3,0.9292850420921731,0.43283605895266625,0.3925324723559367,0.6225457027208984
cnn_fused_gated,2,nstdb|bw|snr=6|leads=6,0.9299327067726187,0.43420118593716134,0.3900864233770232,0.6244566083062795
cnn_fused_gated,2,nstdb|bw|snr=0|leads=1,0.9294031547084322,0.2846232887114672,0.1977190309160451,0.7395699800830051
cnn_fused_gated,2,nstdb|bw|snr=0|leads=3,0.9285560669644332,0.29364709775788755,0.20256044973124598,0.7375114472130896
cnn_fused_gated,2,nstdb|bw|snr=0|leads=6,0.9277317285305238,0.29158138817001333,0.19638922303600945,0.7413455150179387
