config,condition,diag_auroc,det_auroc_rule_variance,det_auroc_rule_hf,det_auroc_learned
cnn_diagonly_aug,nstdb|bw|snr=0|leads=1,0.9274707713359454,0.2846232887114672,0.1977190309160451,
cnn_diagonly_aug,nstdb|bw|snr=0|leads=3,0.9266322164631484,0.29364709775788755,0.20256044973124598,
cnn_diagonly_aug,nstdb|bw|snr=0|leads=6,0.9247391113373915,0.29158138817001333,0.19638922303600945,
cnn_diagonly_aug,nstdb|bw|snr=12|leads=1,0.9280176594287339,0.487723683576604,0.4702872554268872,
cnn_diagonly_aug,nstdb|bw|snr=12|leads=3,0.9279200399706787,0.4812022620555175,0.4719145865720114,
cnn_diagonly_aug,nstdb|bw|snr=12|leads=6,0.9278296091612852,0.47768789267953204,0.46765749340366625,
cnn_diagonly_aug,nstdb|bw|snr=6|leads=1,0.9277506296435574,0.4275835559975828,0.3845566651265815,
cnn_diagonly_aug,nstdb|bw|snr=6|leads=3,0.9280410976797853,0.43283605895266625,0.3925324723559367,
cnn_diagonly_aug,nstdb|bw|snr=6|leads=6,0.927888797824626,0.43420118593716134,0.3900864233770232,
cnn_diagonly_aug,nstdb|em|snr=0|leads=1,0.9261657103001222,0.2881376735416621,0.21571066862054722,
cnn_diagonly_aug,nstdb|em|snr=0|leads=3,0.9220380391314241,0.2892701999430117,0.21587275489957583,
cnn_diagonly_aug,nstdb|em|snr=0|leads=6,0.9156554690850793,0.2923988526764552,0.21697932446499002,
cnn_diagonly_aug,nstdb|em|snr=12|leads=1,0.9280062779798861,0.48591100241585405,0.47991244939836336,
cnn_diagonly_aug,nstdb|em|snr=12|leads=3,0.9279396962703639,0.4813506936819464,0.47044482040071445,
cnn_diagonly_aug,nstdb|em|snr=12|leads=6,0.9274346916669898,0.4857646944327773,0.47097540670035004,
cnn_diagonly_aug,nstdb|em|snr=6|leads=1,0.9276146867648601,0.42663778766205157,0.3937731456881272,
cnn_diagonly_aug,nstdb|em|snr=6|leads=3,0.9272082832703504,0.4274379704762031,0.3962824039199979,
cnn_diagonly_aug,nstdb|em|snr=6|leads=6,0.926291442675555,0.4322530521553909,0.39380078594838464,
cnn_diagonly_aug,nstdb|ma|snr=0|leads=1,0.9275330909114912,0.2873711772890508,0.5405549624175751,
cnn_diagonly_aug,nstdb|ma|snr=0|leads=3,0.9262338238927146,0.29374699593666287,0.5616876463181051,
cnn_diagonly_aug,nstdb|ma|snr=0|leads=6,0.9235985168315681,0.2886390295146032,0.5545075700964548,
cnn_diagonly_aug,nstdb|ma|snr=12|leads=1,0.9281772868168072,0.48848536787642605,0.5096987495013333,
cnn_diagonly_aug,nstdb|ma|snr=12|leads=3,0.9280150225266834,0.4827902223820466,0.5086821307552238,
cnn_diagonly_aug,nstdb|ma|snr=12|leads=6,0.9281806571159648,0.4837246165098119,0.5138150806691513,
cnn_diagonly_aug,nstdb|ma|snr=6|leads=1,0.9280081725185028,0.4334250909937344,0.5353983059271312,
cnn_diagonly_aug,nstdb|ma|snr=6|leads=3,0.927750103801321,0.430534698699108,0.5357371955920924,
cnn_diagonly_aug,nstdb|ma|snr=6|leads=6,0.927548579252212,0.42831244538048585,0.5454296094098119,
cnn_diagonly_aug_matched,nstdb|bw|snr=0|leads=1,0.9271197236410653,0.2846232887114672,0.1977190309160451,
cnn_diagonly_aug_matched,nstdb|bw|snr=0|leads=3,0.9266987528428698,0.29364709775788755,0.202560449731246,
cnn_diagonly_aug_matched,nstdb|bw|snr=0|leads=6,0.9250406942625643,0.29158138817001333,0.19638922303600945,
cnn_diagonly_aug_matched,nstdb|bw|snr=12|leads=1,0.9280054296280028,0.487723683576604,0.4702872554268872,
cnn_diagonly_aug_matched,nstdb|bw|snr=12|leads=3,0.9278777429099268,0.4812022620555175,0.47191458657201146,
cnn_diagonly_aug_matched,nstdb|bw|snr=12|leads=6,0.9277337813100142,0.47768789267953204,0.46765749340366625,
cnn_diagonly_aug_matched,nstdb|bw|snr=6|leads=1,0.9278384780044547,0.4275835559975828,0.3845566651265815,
cnn_diagonly_aug_matched,nstdb|bw|snr=6|leads=3,0.9279068191693016,0.4328360589526662,0.3925324723559367,
cnn_diagonly_aug_matched,nstdb|bw|snr=6|leads=6,0.9275799877043432,0.43420118593716134,0.3900864233770232,
cnn_diagonly_aug_matched,nstdb|em|snr=0|leads=1,0.9261070666649293,0.2881376735416621,0.21571066862054722,
cnn_diagonly_aug_matched,nstdb|em|snr=0|leads=3,0.922922856255024,0.2892701999430117,0.21587275489957586,
cnn_diagonly_aug_matched,nstdb|em|snr=0|leads=6,0.9166931820416057,0.2923988526764552,0.21697932446499002,
cnn_diagonly_aug_matched,nstdb|em|snr=12|leads=1,0.9279289509676516,0.48591100241585405,0.47991244939836336,
cnn_diagonly_aug_matched,nstdb|em|snr=12|leads=3,0.9277848964576746,0.4813506936819464,0.47044482040071445,
cnn_diagonly_aug_matched,nstdb|em|snr=12|leads=6,0.9273569888525248,0.4857646944327773,0.4709754067003501,
cnn_diagonly_aug_matched,nstdb|em|snr=6|leads=1,0.9276988937835154,0.4266377876620516,0.3937731456881272,
cnn_diagonly_aug_matched,nstdb|em|snr=6|leads=3,0.9273546357359959,0.4274379704762031,0.3962824039199979,
cnn_diagonly_aug_matched,nstdb|em|snr=6|leads=6,0.9258445508552986,0.4322530521553909,0.39380078594838464,
cnn_diagonly_aug_matched,nstdb|ma|snr=0|leads=1,0.9273168723731088,0.2873711772890508,0.5405549624175751,
cnn_diagonly_aug_matched,nstdb|ma|snr=0|leads=3,0.9260734860502164,0.29374699593666287,0.5616876463181051,
cnn_diagonly_aug_matched,nstdb|ma|snr=0|leads=6,0.9240353547128335,0.2886390295146032,0.5545075700964548,
cnn_diagonly_aug_matched,nstdb|ma|snr=12|leads=1,0.9280840621846685,0.48848536787642605,0.5096987495013333,
cnn_diagonly_aug_matched,nstdb|ma|snr=12|leads=3,0.9278925160602169,0.4827902223820466,0.5086821307552238,
cnn_diagonly_aug_matched,nstdb|ma|snr=12|leads=6,0.927866342806615,0.48372461650981186,0.5138150806691513,
cnn_diagonly_aug_matched,nstdb|ma|snr=6|leads=1,0.9280022478062623,0.4334250909937344,0.5353983059271312,
cnn_diagonly_aug_matched,nstdb|ma|snr=6|leads=3,0.9274736427468611,0.430534698699108,0.5357371955920924,
cnn_diagonly_aug_matched,nstdb|ma|snr=6|leads=6,0.9276121010535249,0.42831244538048585,0.5454296094098119,
cnn_diagonly_clean,nstdb|bw|snr=0|leads=1,0.9252883939646976,0.2846232887114672,0.1977190309160451,
cnn_diagonly_clean,nstdb|bw|snr=0|leads=3,0.9237505732742856,0.29364709775788755,0.20256044973124598,
cnn_diagonly_clean,nstdb|bw|snr=0|leads=6,0.9226591820495329,0.29158138817001333,0.19638922303600945,
cnn_diagonly_clean,nstdb|bw|snr=12|leads=1,0.9256351336349437,0.487723683576604,0.4702872554268872,
cnn_diagonly_clean,nstdb|bw|snr=12|leads=3,0.9252812702377362,0.4812022620555175,0.4719145865720114,
cnn_diagonly_clean,nstdb|bw|snr=12|leads=6,0.9253835524634605,0.47768789267953204,0.46765749340366625,
cnn_diagonly_clean,nstdb|bw|snr=6|leads=1,0.9257434510682776,0.4275835559975828,0.3845566651265815,
cnn_diagonly_clean,nstdb|bw|snr=6|leads=3,0.9254501314058861,0.43283605895266625,0.3925324723559367,
cnn_diagonly_clean,nstdb|bw|snr=6|leads=6,0.924710357803703,0.43420118593716134,0.3900864233770232,
cnn_diagonly_clean,nstdb|em|snr=0|leads=1,0.9240140433737372,0.2881376735416621,0.21571066862054722,
cnn_diagonly_clean,nstdb|em|snr=0|leads=3,0.9202403890318638,0.2892701999430117,0.21587275489957583,
cnn_diagonly_clean,nstdb|em|snr=0|leads=6,0.9148925629320139,0.2923988526764552,0.21697932446499002,
cnn_diagonly_clean,nstdb|em|snr=12|leads=1,0.9255691485612656,0.48591100241585405,0.47991244939836336,
cnn_diagonly_clean,nstdb|em|snr=12|leads=3,0.9254889002057897,0.4813506936819464,0.47044482040071445,
cnn_diagonly_clean,nstdb|em|snr=12|leads=6,0.924872747261366,0.4857646944327773,0.47097540670035004,
cnn_diagonly_clean,nstdb|em|snr=6|leads=1,0.9252781576860923,0.42663778766205157,0.3937731456881272,
cnn_diagonly_clean,nstdb|em|snr=6|leads=3,0.9247083335117576,0.4274379704762031,0.3962824039199979,
cnn_diagonly_clean,nstdb|em|snr=6|leads=6,0.9235618697658091,0.4322530521553909,0.39380078594838464,
cnn_diagonly_clean,nstdb|ma|snr=0|leads=1,0.9250269119227785,0.2873711772890508,0.5405549624175751,
cnn_diagonly_clean,nstdb|ma|snr=0|leads=3,0.9236850046648977,0.29374699593666287,0.5616876463181051,
cnn_diagonly_clean,nstdb|ma|snr=0|leads=6,0.9213248251505958,0.2886390295146032,0.5545075700964548,
cnn_diagonly_clean,nstdb|ma|snr=12|leads=1,0.9256339958343462,0.48848536787642605,0.5096987495013333,
cnn_diagonly_clean,nstdb|ma|snr=12|leads=3,0.9256401667535804,0.4827902223820466,0.5086821307552238,
cnn_diagonly_clean,nstdb|ma|snr=12|leads=6,0.9255440388619199,0.4837246165098119,0.5138150806691513,
cnn_diagonly_clean,nstdb|ma|snr=6|leads=1,0.9254995029629496,0.4334250909937344,0.5353983059271312,
cnn_diagonly_clean,nstdb|ma|snr=6|leads=3,0.9249017130909712,0.430534698699108,0.5357371955920924,
cnn_diagonly_clean,nstdb|ma|snr=6|leads=6,0.9248687857368398,0.42831244538048585,0.5454296094098119,
cnn_full_leadwise_cleanfrac20,nstdb|bw|snr=0|leads=1,0.9258278265773932,0.2846232887114672,0.1977190309160451,0.7951844026201698
cnn_full_leadwise_cleanfrac20,nstdb|bw|snr=0|leads=3,0.9249658564292385,0.29364709775788755,0.20256044973124598,0.7894095332877337
cnn_full_leadwise_cleanfrac20,nstdb|bw|snr=0|leads=6,0.9238480835758187,0.29158138817001333,0.19638922303600945,0.793641637496494
cnn_full_leadwise_cleanfrac20,nstdb|bw|snr=12|leads=1,0.9266567411887876,0.487723683576604,0.4702872554268872,0.5591457516879317
cnn_full_leadwise_cleanfrac20,nstdb|bw|snr=12|leads=3,0.9265413963292384,0.4812022620555175,0.4719145865720114,0.5661993700903278
cnn_full_leadwise_cleanfrac20,nstdb|bw|snr=12|leads=6,0.9264071236568139,0.47768789267953204,0.46765749340366625,0.570548294566064
cnn_full_leadwise_cleanfrac20,nstdb|bw|snr=6|leads=1,0.9263181198666122,0.4275835559975828,0.3845566651265815,0.6615427893678059
cnn_full_leadwise_cleanfrac20,nstdb|bw|snr=6|leads=3,0.9260731492314145,0.43283605895266625,0.3925324723559367,0.6623515560463538
cnn_full_leadwise_cleanfrac20,nstdb|bw|snr=6|leads=6,0.9262331416570977,0.43420118593716134,0.3900864233770232,0.6595863027214011
cnn_full_leadwise_cleanfrac20,nstdb|em|snr=0|leads=1,0.9251809070043764,0.2881376735416621,0.21571066862054722,0.9012501492388603
cnn_full_leadwise_cleanfrac20,nstdb|em|snr=0|leads=3,0.9217577844520193,0.2892701999430117,0.21587275489957583,0.89631067102468
cnn_full_leadwise_cleanfrac20,nstdb|em|snr=0|leads=6,0.9141991720121374,0.2923988526764552,0.21697932446499002,0.8965750480833055
cnn_full_leadwise_cleanfrac20,nstdb|em|snr=12|leads=1,0.9265683832028011,0.48591100241585405,0.47991244939836336,0.6829445301507788
cnn_full_leadwise_cleanfrac20,nstdb|em|snr=12|leads=3,0.9263051099835675,0.4813506936819464,0.47044482040071445,0.68799477275085
cnn_full_leadwise_cleanfrac20,nstdb|em|snr=12|leads=6,0.9262581023846281,0.4857646944327773,0.47097540670035004,0.6840000803098327
cnn_full_leadwise_cleanfrac20,nstdb|em|snr=6|leads=1,0.9262937897886465,0.42663778766205157,0.3937731456881272,0.8108324143447027
cnn_full_leadwise_cleanfrac20,nstdb|em|snr=6|leads=3,0.9260014408639864,0.4274379704762031,0.3962824039199979,0.8081871480440268
cnn_full_leadwise_cleanfrac20,nstdb|em|snr=6|leads=6,0.9243734693834256,0.4322530521553909,0.39380078594838464,0.8082167597101173
cnn_full_leadwise_cleanfrac20,nstdb|ma|snr=0|leads=1,0.9261576293057182,0.2873711772890508,0.5405549624175751,0.9744362128709527
cnn_full_leadwise_cleanfrac20,nstdb|ma|snr=0|leads=3,0.9247161930136374,0.29374699593666287,0.5616876463181051,0.9754220179117172
cnn_full_leadwise_cleanfrac20,nstdb|ma|snr=0|leads=6,0.9224499432209203,0.2886390295146032,0.5545075700964548,0.9749182144800298
cnn_full_leadwise_cleanfrac20,nstdb|ma|snr=12|leads=1,0.9267193567695944,0.48848536787642605,0.5096987495013333,0.8687076494471506
cnn_full_leadwise_cleanfrac20,nstdb|ma|snr=12|leads=3,0.9266149255904474,0.4827902223820466,0.5086821307552238,0.8730156957766189
cnn_full_leadwise_cleanfrac20,nstdb|ma|snr=12|leads=6,0.9268037433547509,0.4837246165098119,0.5138150806691513,0.8718890452735588
cnn_full_leadwise_cleanfrac20,nstdb|ma|snr=6|leads=1,0.9266845179643203,0.4334250909937344,0.5353983059271312,0.9391787370874711
cnn_full_leadwise_cleanfrac20,nstdb|ma|snr=6|leads=3,0.926144305630257,0.430534698699108,0.5357371955920924,0.9393315421647936
cnn_full_leadwise_cleanfrac20,nstdb|ma|snr=6|leads=6,0.9261901329456561,0.42831244538048585,0.5454296094098119,0.9398373835638651
cnn_fused_gated,nstdb|bw|snr=0|leads=1,0.9291162863528307,0.2846232887114672,0.19771903091604512,0.7903010318622722
cnn_fused_gated,nstdb|bw|snr=0|leads=3,0.9281672959773696,0.29364709775788755,0.20256044973124598,0.78538179926495
cnn_fused_gated,nstdb|bw|snr=0|leads=6,0.9277147803296798,0.29158138817001333,0.19638922303600945,0.7909011603872139
cnn_fused_gated,nstdb|bw|snr=12|leads=1,0.9292952359093194,0.48772368357660395,0.47028725542688726,0.5733764269571074
cnn_fused_gated,nstdb|bw|snr=12|leads=3,0.9292289233950592,0.4812022620555176,0.4719145865720114,0.5739553603200033
cnn_fused_gated,nstdb|bw|snr=12|leads=6,0.9291472477172755,0.47768789267953204,0.4676574934036662,0.5745890734026782
cnn_fused_gated,nstdb|bw|snr=6|leads=1,0.9293269475172554,0.42758355599758274,0.3845566651265815,0.6622673380157441
cnn_fused_gated,nstdb|bw|snr=6|leads=3,0.9291803842249476,0.43283605895266625,0.3925324723559367,0.6669786804672966
cnn_fused_gated,nstdb|bw|snr=6|leads=6,0.929429827082903,0.43420118593716134,0.3900864233770232,0.668695495009672
cnn_fused_gated,nstdb|em|snr=0|leads=1,0.926946424117864,0.2881376735416621,0.21571066862054722,0.8973801288877162
cnn_fused_gated,nstdb|em|snr=0|leads=3,0.9233142804664798,0.2892701999430117,0.21587275489957583,0.895158609719355
cnn_fused_gated,nstdb|em|snr=0|leads=6,0.9158159013882065,0.2923988526764552,0.21697932446499002,0.8965249856630485
cnn_fused_gated,nstdb|em|snr=12|leads=1,0.9292242222441128,0.4859110024158541,0.47991244939836336,0.6894989694547519
cnn_fused_gated,nstdb|em|snr=12|leads=3,0.9289490086582596,0.48135069368194633,0.4704448204007144,0.6890511914183989
cnn_fused_gated,nstdb|em|snr=12|leads=6,0.9287275846935628,0.4857646944327773,0.47097540670035004,0.6898908250334577
cnn_fused_gated,nstdb|em|snr=6|leads=1,0.929020167366776,0.42663778766205157,0.3937731456881272,0.8098869062905933
cnn_fused_gated,nstdb|em|snr=6|leads=3,0.928288296966549,0.4274379704762031,0.3962824039199979,0.8094738278648154
cnn_fused_gated,nstdb|em|snr=6|leads=6,0.9265290734783164,0.4322530521553909,0.3938007859483846,0.8099431860025672
cnn_fused_gated,nstdb|ma|snr=0|leads=1,0.9289362471268245,0.2873711772890508,0.5405549624175751,0.9833439508632402
cnn_fused_gated,nstdb|ma|snr=0|leads=3,0.9278094222795831,0.29374699593666287,0.5616876463181051,0.9821457249724537
cnn_fused_gated,nstdb|ma|snr=0|leads=6,0.9238865906016892,0.2886390295146032,0.5545075700964548,0.9823733158913547
cnn_fused_gated,nstdb|ma|snr=12|leads=1,0.9291684135472101,0.48848536787642605,0.5096987495013333,0.8902606478982418
cnn_fused_gated,nstdb|ma|snr=12|leads=3,0.9288880486645232,0.4827902223820466,0.5086821307552238,0.8944540840633088
cnn_fused_gated,nstdb|ma|snr=12|leads=6,0.928740831614396,0.4837246165098119,0.5138150806691513,0.8924245793802332
cnn_fused_gated,nstdb|ma|snr=6|leads=1,0.9293483198947095,0.43342509099373433,0.5353983059271312,0.9552223424115068
cnn_fused_gated,nstdb|ma|snr=6|leads=3,0.9286789711893447,0.43053469869910793,0.5357371955920924,0.9549681130145712
cnn_fused_gated,nstdb|ma|snr=6|leads=6,0.9285040853287821,0.42831244538048585,0.5454296094098119,0.9549438376749474
