config,seed,detector,auroc_all,auprc_all,auroc_dropout,auroc_noise,auroc_noise_sigma_0-0.05,auroc_noise_sigma_0.05-0.15,auroc_noise_sigma_0.15-0.26
cnn_diag_rec,0,rule_variance,0.6196110952530827,0.7179857455466138,0.9983065813484773,0.47938836307561283,0.4940514112463059,0.48366162080509884,0.4676925469482475
cnn_diag_rec,0,rule_hf,0.4296921053702652,0.5314429607324125,0.0,0.5887977805694937,0.508292840101244,0.5520512964688087,0.6665795547410347
cnn_diag_rec,0,rule_combined,0.65218116175827,0.6989104155613294,0.937859076473271,0.5464008205740374,0.5038120236600088,0.5140193597768696,0.6007665104467055
cnn_diag_rec,1,rule_variance,0.6196110952530827,0.7179857455466138,0.9983065813484773,0.47938836307561283,0.4940514112463059,0.48366162080509884,0.4676925469482475
cnn_diag_rec,1,rule_hf,0.4296921053702652,0.5314429607324125,0.0,0.5887977805694937,0.508292840101244,0.5520512964688087,0.6665795547410347
cnn_diag_rec,1,rule_combined,0.65218116175827,0.6989104155613294,0.937859076473271,0.5464008205740374,0.5038120236600088,0.5140193597768696,0.6007665104467055
cnn_diag_rec,2,rule_variance,0.6196110952530827,0.7179857455466138,0.9983065813484773,0.47938836307561283,0.4940514112463059,0.48366162080509884,0.4676925469482475
cnn_diag_rec,2,rule_hf,0.4296921053702652,0.5314429607324125,0.0,0.5887977805694937,0.508292840101244,0.5520512964688087,0.6665795547410347
cnn_diag_rec,2,rule_combined,0.65218116175827,0.6989104155613294,0.937859076473271,0.5464008205740374,0.5038120236600088,0.5140193597768696,0.6007665104467055
cnn_full_cleanfrac20,0,rule_variance,0.6196110952530827,0.7179857455466138,0.9983065813484773,0.47938836307561283,0.4940514112463059,0.48366162080509884,0.4676925469482475
cnn_full_cleanfrac20,0,rule_hf,0.4296921053702652,0.5314429607324125,0.0,0.5887977805694937,0.508292840101244,0.5520512964688087,0.6665795547410347
cnn_full_cleanfrac20,0,rule_combined,0.65218116175827,0.6989104155613294,0.937859076473271,0.5464008205740374,0.5038120236600088,0.5140193597768696,0.6007665104467055
cnn_full_cleanfrac20,0,learned_head,0.6559880379851146,0.6962116496450508,0.9041552219154035,0.5640971075536706,0.5017884691913088,0.5360713603665076,0.6238742136490595
cnn_full_cleanfrac20,0,learned_head_clean_mean_intact,0.9911836981773376,,,,,,
cnn_full_cleanfrac20,1,rule_variance,0.6196110952530827,0.7179857455466138,0.9983065813484773,0.47938836307561283,0.4940514112463059,0.48366162080509884,0.4676925469482475
cnn_full_cleanfrac20,1,rule_hf,0.4296921053702652,0.5314429607324125,0.0,0.5887977805694937,0.508292840101244,0.5520512964688087,0.6665795547410347
cnn_full_cleanfrac20,1,rule_combined,0.65218116175827,0.6989104155613294,0.937859076473271,0.5464008205740374,0.5038120236600088,0.5140193597768696,0.6007665104467055
cnn_full_cleanfrac20,1,learned_head,0.6534436734657327,0.6925555639403461,0.896503084721361,0.5634440405703833,0.5096568520632769,0.5366976327862973,0.6176538282375081
cnn_full_cleanfrac20,1,learned_head_clean_mean_intact,0.98982173204422,,,,,,
cnn_full_cleanfrac20,2,rule_variance,0.6196110952530827,0.7179857455466138,0.9983065813484773,0.47938836307561283,0.4940514112463059,0.48366162080509884,0.4676925469482475
cnn_full_cleanfrac20,2,rule_hf,0.4296921053702652,0.5314429607324125,0.0,0.5887977805694937,0.508292840101244,0.5520512964688087,0.6665795547410347
cnn_full_cleanfrac20,2,rule_combined,0.65218116175827,0.6989104155613294,0.937859076473271,0.5464008205740374,0.5038120236600088,0.5140193597768696,0.6007665104467055
cnn_full_cleanfrac20,2,learned_head,0.6524007243240624,0.6942238618710732,0.8991742267692746,0.5610258439454923,0.5039274141095452,0.5355940576254513,0.6155486250925803
cnn_full_cleanfrac20,2,learned_head_clean_mean_intact,0.9929430484771729,,,,,,
cnn_full_gss,0,rule_variance,0.6270452503475415,0.7250957815603929,0.9982718503756007,0.4832973514705091,0.49333839229838317,0.4914781319410176,0.4699305413773832
cnn_full_gss,0,rule_hf,0.4248683522865554,0.5330683401826188,0.0,0.5893876322517381,0.49610617325792794,0.5580589700281271,0.667605913098866
cnn_full_gss,0,rule_combined,0.6580544943347788,0.7056099420974,0.9356364265509751,0.5505680708961322,0.4938961559122275,0.5264572560867167,0.6033125313290825
cnn_full_gss,0,learned_head,0.6307541541130923,0.6887626545299201,0.9263971003090878,0.5162740701690062,0.5048494848688649,0.5080684097603939,0.5303485367662184
cnn_full_gss,0,learned_head_clean_mean_intact,0.5555182695388794,,,,,,
cnn_full_gss,1,rule_variance,0.6270452503475415,0.7250957815603929,0.9982718503756007,0.4832973514705091,0.49333839229838317,0.4914781319410176,0.4699305413773832
cnn_full_gss,1,rule_hf,0.4248683522865554,0.5330683401826188,0.0,0.5893876322517381,0.49610617325792794,0.5580589700281271,0.667605913098866
cnn_full_gss,1,rule_combined,0.6580544943347788,0.7056099420974,0.9356364265509751,0.5505680708961322,0.4938961559122275,0.5264572560867167,0.6033125313290825
cnn_full_gss,1,learned_head,0.6532647265494005,0.7058072481970129,0.9291661919630639,0.54642902041382,0.5014849268031444,0.5295655409699873,0.5859354965233073
cnn_full_gss,1,learned_head_clean_mean_intact,0.6270825862884521,,,,,,
cnn_full_gss,2,rule_variance,0.6270452503475415,0.7250957815603929,0.9982718503756007,0.4832973514705091,0.49333839229838317,0.4914781319410176,0.4699305413773832
cnn_full_gss,2,rule_hf,0.4248683522865554,0.5330683401826188,0.0,0.5893876322517381,0.49610617325792794,0.5580589700281271,0.667605913098866
cnn_full_gss,2,rule_combined,0.6580544943347788,0.7056099420974,0.9356364265509751,0.5505680708961322,0.4938961559122275,0.5264572560867167,0.6033125313290825
cnn_full_gss,2,learned_head,0.6473207079739365,0.7016014236668159,0.9316190031605196,0.537233546697496,0.5018137394139259,0.5226200565599013,0.5697298482341517
cnn_full_gss,2,learned_head_clean_mean_intact,0.6104196906089783,,,,,,
cnn_full_leadwise_cleanfrac20,0,rule_variance,0.6196110952530827,0.7179857455466138,0.9983065813484773,0.47938836307561283,0.4940514112463059,0.48366162080509884,0.4676925469482475
cnn_full_leadwise_cleanfrac20,0,rule_hf,0.4296921053702652,0.5314429607324125,0.0,0.5887977805694937,0.508292840101244,0.5520512964688087,0.6665795547410347
cnn_full_leadwise_cleanfrac20,0,rule_combined,0.65218116175827,0.6989104155613294,0.937859076473271,0.5464008205740374,0.5038120236600088,0.5140193597768696,0.6007665104467055
cnn_full_leadwise_cleanfrac20,0,learned_head,0.9571672643451291,0.9710045122365527,0.9997646822817352,0.9413943635684038,0.7297101435779193,0.9883539326667993,0.9992765126423523
cnn_full_leadwise_cleanfrac20,0,learned_head_clean_mean_intact,0.9065508842468262,,,,,,
cnn_full_leadwise_cleanfrac20,1,rule_variance,0.6196110952530827,0.7179857455466138,0.9983065813484773,0.47938836307561283,0.4940514112463059,0.48366162080509884,0.4676925469482475
cnn_full_leadwise_cleanfrac20,1,rule_hf,0.4296921053702652,0.5314429607324125,0.0,0.5887977805694937,0.508292840101244,0.5520512964688087,0.6665795547410347
cnn_full_leadwise_cleanfrac20,1,rule_combined,0.65218116175827,0.6989104155613294,0.937859076473271,0.5464008205740374,0.5038120236600088,0.5140193597768696,0.6007665104467055
cnn_full_leadwise_cleanfrac20,1,learned_head,0.9494468063772454,0.9646250139266946,0.9997061410144087,0.9308368638798865,0.7008736646338826,0.9771964340079217,0.9984712834849074
cnn_full_leadwise_cleanfrac20,1,learned_head_clean_mean_intact,0.8834350109100342,,,,,,
cnn_full_leadwise_cleanfrac20,2,rule_variance,0.6196110952530827,0.7179857455466138,0.9983065813484773,0.47938836307561283,0.4940514112463059,0.48366162080509884,0.4676925469482475
cnn_full_leadwise_cleanfrac20,2,rule_hf,0.4296921053702652,0.5314429607324125,0.0,0.5887977805694937,0.508292840101244,0.5520512964688087,0.6665795547410347
cnn_full_leadwise_cleanfrac20,2,rule_combined,0.65218116175827,0.6989104155613294,0.937859076473271,0.5464008205740374,0.5038120236600088,0.5140193597768696,0.6007665104467055
cnn_full_leadwise_cleanfrac20,2,learned_head,0.9502805703032225,0.9663841877157537,0.9997828143365147,0.9319509620503386,0.6955847011633617,0.9817843029685025,0.9992391390498375
cnn_full_leadwise_cleanfrac20,2,learned_head_clean_mean_intact,0.8879007697105408,,,,,,
cnn_full_leadwise_cleanfrac20,3,rule_variance,0.6196110952530827,0.7179857455466138,0.9983065813484773,0.47938836307561283,0.4940514112463059,0.48366162080509884,0.4676925469482475
cnn_full_leadwise_cleanfrac20,3,rule_hf,0.4296921053702652,0.5314429607324125,0.0,0.5887977805694937,0.508292840101244,0.5520512964688087,0.6665795547410347
cnn_full_leadwise_cleanfrac20,3,rule_combined,0.65218116175827,0.6989104155613294,0.937859076473271,0.5464008205740374,0.5038120236600088,0.5140193597768696,0.6007665104467055
cnn_full_leadwise_cleanfrac20,3,learned_head,0.9516988111450164,0.9669132143564095,0.999687188805562,0.9339297548045064,0.7034698255836933,0.9828983639575238,0.9991479193400892
cnn_full_leadwise_cleanfrac20,3,learned_head_clean_mean_intact,0.8738191723823547,,,,,,
cnn_full_leadwise_cleanfrac20,4,rule_variance,0.6196110952530827,0.7179857455466138,0.9983065813484773,0.47938836307561283,0.4940514112463059,0.48366162080509884,0.4676925469482475
cnn_full_leadwise_cleanfrac20,4,rule_hf,0.4296921053702652,0.5314429607324125,0.0,0.5887977805694937,0.508292840101244,0.5520512964688087,0.6665795547410347
cnn_full_leadwise_cleanfrac20,4,rule_combined,0.65218116175827,0.6989104155613294,0.937859076473271,0.5464008205740374,0.5038120236600088,0.5140193597768696,0.6007665104467055
cnn_full_leadwise_cleanfrac20,4,learned_head,0.9674233387112865,0.9777960033634311,0.9997528676299045,0.955452414732971,0.7915308459407125,0.9925118016223147,0.9995643265541444
cnn_full_leadwise_cleanfrac20,4,learned_head_clean_mean_intact,0.9166610836982727,,,,,,
cnn_full_leadwise,0,rule_variance,0.6196110952530827,0.7179857455466138,0.9983065813484773,0.47938836307561283,0.4940514112463059,0.48366162080509884,0.4676925469482475
cnn_full_leadwise,0,rule_hf,0.4296921053702652,0.5314429607324125,0.0,0.5887977805694937,0.508292840101244,0.5520512964688087,0.6665795547410347
cnn_full_leadwise,0,rule_combined,0.65218116175827,0.6989104155613294,0.937859076473271,0.5464008205740374,0.5038120236600088,0.5140193597768696,0.6007665104467055
cnn_full_leadwise,0,learned_head,0.9339546865296037,0.9538391473010874,0.9997833241620159,0.9095797685195901,0.6364441779040947,0.9573574902499526,0.9973520209573559
cnn_full_leadwise,0,learned_head_clean_mean_intact,0.7915576696395874,,,,,,
cnn_full_leadwise,1,rule_variance,0.6196110952530827,0.7179857455466138,0.9983065813484773,0.47938836307561283,0.4940514112463059,0.48366162080509884,0.4676925469482475
cnn_full_leadwise,1,rule_hf,0.4296921053702652,0.5314429607324125,0.0,0.5887977805694937,0.508292840101244,0.5520512964688087,0.6665795547410347
cnn_full_leadwise,1,rule_combined,0.65218116175827,0.6989104155613294,0.937859076473271,0.5464008205740374,0.5038120236600088,0.5140193597768696,0.6007665104467055
cnn_full_leadwise,1,learned_head,0.9493798073298951,0.9647709827398532,0.9997647044480612,0.9307233717667571,0.7002324571233219,0.9768787590047683,0.9988301817213333
cnn_full_leadwise,1,learned_head_clean_mean_intact,0.8040096163749695,,,,,,
cnn_full_leadwise,2,rule_variance,0.6196110952530827,0.7179857455466138,0.9983065813484773,0.47938836307561283,0.4940514112463059,0.48366162080509884,0.4676925469482475
cnn_full_leadwise,2,rule_hf,0.4296921053702652,0.5314429607324125,0.0,0.5887977805694937,0.508292840101244,0.5520512964688087,0.6665795547410347
cnn_full_leadwise,2,rule_combined,0.65218116175827,0.6989104155613294,0.937859076473271,0.5464008205740374,0.5038120236600088,0.5140193597768696,0.6007665104467055
cnn_full_leadwise,2,learned_head,0.9629624528306011,0.974950977790019,0.9997608696736396,0.9493367964945854,0.7660345852659061,0.9898591403748456,0.9996023002763287
cnn_full_leadwise,2,learned_head_clean_mean_intact,0.8322373628616333,,,,,,
cnn_full,0,rule_variance,0.6196110952530827,0.7179857455466138,0.9983065813484773,0.47938836307561283,0.4940514112463059,0.48366162080509884,0.4676925469482475
cnn_full,0,rule_hf,0.4296921053702652,0.5314429607324125,0.0,0.5887977805694937,0.508292840101244,0.5520512964688087,0.6665795547410347
cnn_full,0,rule_combined,0.65218116175827,0.6989104155613294,0.937859076473271,0.5464008205740374,0.5038120236600088,0.5140193597768696,0.6007665104467055
cnn_full,0,learned_head,0.6357863651922174,0.694915411343987,0.9313657837264808,0.526339711709103,0.4977405117947209,0.5130755541912159,0.5541860389558655
cnn_full,0,learned_head_clean_mean_intact,0.5975125432014465,,,,,,
cnn_full,1,rule_variance,0.6196110952530827,0.7179857455466138,0.9983065813484773,0.47938836307561283,0.4940514112463059,0.48366162080509884,0.4676925469482475
cnn_full,1,rule_hf,0.4296921053702652,0.5314429607324125,0.0,0.5887977805694937,0.508292840101244,0.5520512964688087,0.6665795547410347
cnn_full,1,rule_combined,0.65218116175827,0.6989104155613294,0.937859076473271,0.5464008205740374,0.5038120236600088,0.5140193597768696,0.6007665104467055
cnn_full,1,learned_head,0.6374293378079627,0.6927977754483075,0.9285070258941481,0.5296495775573624,0.5057311141779807,0.5145081412071265,0.5570728075245499
cnn_full,1,learned_head_clean_mean_intact,0.5998598337173462,,,,,,
cnn_full,2,rule_variance,0.6196110952530827,0.7179857455466138,0.9983065813484773,0.47938836307561283,0.4940514112463059,0.48366162080509884,0.4676925469482475
cnn_full,2,rule_hf,0.4296921053702652,0.5314429607324125,0.0,0.5887977805694937,0.508292840101244,0.5520512964688087,0.6665795547410347
cnn_full,2,rule_combined,0.65218116175827,0.6989104155613294,0.937859076473271,0.5464008205740374,0.5038120236600088,0.5140193597768696,0.6007665104467055
cnn_full,2,learned_head,0.647552432347539,0.6966684624046697,0.9197401109092127,0.5467672332777342,0.5035057919756041,0.5286469381128447,0.5869042704192569
cnn_full,2,learned_head_clean_mean_intact,0.6470354199409485,,,,,,
tx_full,0,rule_variance,0.6196110952530827,0.7179857455466138,0.9983065813484773,0.47938836307561283,0.4940514112463059,0.48366162080509884,0.4676925469482475
tx_full,0,rule_hf,0.4296921053702652,0.5314429607324125,0.0,0.5887977805694937,0.508292840101244,0.5520512964688087,0.6665795547410347
tx_full,0,rule_combined,0.65218116175827,0.6989104155613294,0.937859076473271,0.5464008205740374,0.5038120236600088,0.5140193597768696,0.6007665104467055
tx_full,0,learned_head,0.615566246771828,0.6679822571067049,0.9088100728219229,0.5069844125733585,0.49698225830450127,0.5049827338428331,0.5140298107170328
tx_full,0,learned_head_clean_mean_intact,0.5618396401405334,,,,,,
tx_full,1,rule_variance,0.6196110952530827,0.7179857455466138,0.9983065813484773,0.47938836307561283,0.4940514112463059,0.48366162080509884,0.4676925469482475
tx_full,1,rule_hf,0.4296921053702652,0.5314429607324125,0.0,0.5887977805694937,0.508292840101244,0.5520512964688087,0.6665795547410347
tx_full,1,rule_combined,0.65218116175827,0.6989104155613294,0.937859076473271,0.5464008205740374,0.5038120236600088,0.5140193597768696,0.6007665104467055
tx_full,1,learned_head,0.6312194895799276,0.6759129329362972,0.8979440843340044,0.5324571520591586,0.5082214039764592,0.5174207395497579,0.559931763187177
tx_full,1,learned_head_clean_mean_intact,0.6208009123802185,,,,,,
tx_full,2,rule_variance,0.6196110952530827,0.7179857455466138,0.9983065813484773,0.47938836307561283,0.4940514112463059,0.48366162080509884,0.4676925469482475
tx_full,2,rule_hf,0.4296921053702652,0.5314429607324125,0.0,0.5887977805694937,0.508292840101244,0.5520512964688087,0.6665795547410347
tx_full,2,rule_combined,0.65218116175827,0.6989104155613294,0.937859076473271,0.5464008205740374,0.5038120236600088,0.5140193597768696,0.6007665104467055
tx_full,2,learned_head,0.6210064400367211,0.6739487422539902,0.9109721097742968,0.5136384360831953,0.4971380850772791,0.5085884606247021,0.5270461679754667
tx_full,2,learned_head_clean_mean_intact,0.5803408026695251,,,,,,
