config,seed,mask,auroc_pre,auroc_post,replaced_leads_per_record,mask_sensitivity,mask_false_replace_rate,delta
cnn_diag_rec,0,oracle,0.9167060053476609,0.9139676256380277,6.387859128822984,1.0,0.0,-0.0027383797096331985
cnn_diag_rec,1,oracle,0.9195782198906073,0.9163458161835362,6.387859128822984,1.0,0.0,-0.0032324037070711187
cnn_diag_rec,2,oracle,0.9207006178770414,0.9184266067185375,6.387859128822984,1.0,0.0,-0.002274011158503897
cnn_full_cleanfrac20,0,oracle,0.9175604058897149,0.9160309707405435,6.387859128822984,1.0,0.0,-0.0015294351491713654
cnn_full_cleanfrac20,0,predicted,0.9175604058897149,0.9119302530154758,5.187673772011121,0.5354370692782009,0.31492032036991163,-0.005630152874239069
cnn_full_cleanfrac20,1,oracle,0.9202280431749209,0.9176900517913886,6.387859128822984,1.0,0.0,-0.0025379913835322787
cnn_full_cleanfrac20,1,predicted,0.9202280431749209,0.9149319890421912,4.258109360518999,0.4564381574174828,0.2392040293947651,-0.005296054132729711
cnn_full_cleanfrac20,2,oracle,0.9207833767397309,0.918296614884173,6.387859128822984,1.0,0.0,-0.002486761855557851
cnn_full_cleanfrac20,2,predicted,0.9207833767397309,0.9153351183733509,4.9564411492122336,0.5141095393543706,0.297993559573941,-0.0054482583663799655
cnn_full_gss,0,oracle,0.9339020805674025,0.9325238643583214,6.3943070461969205,1.0,0.0,-0.0013782162090811845
cnn_full_gss,0,predicted,0.9339020805674025,0.9320381635800029,3.65142323845077,0.3979420564839816,0.19745275951053026,-0.0018639169873996275
cnn_full_gss,1,oracle,0.9359757489019314,0.93291664184211,6.3943070461969205,1.0,0.0,-0.0030591070598213754
cnn_full_gss,1,predicted,0.9359757489019314,0.9325845750136914,3.9878674755016332,0.43494125374005693,0.21526679430616832,-0.003391173888239951
cnn_full_gss,2,oracle,0.9336126297231664,0.9299001714993865,6.3943070461969205,1.0,0.0,-0.0037124582237798576
cnn_full_gss,2,predicted,0.9336126297231664,0.9304825751828624,4.088660755949603,0.4412172516967087,0.22608840422875218,-0.003130054540304017
cnn_full_leadwise_cleanfrac20,0,oracle,0.9181024386828049,0.9140554832055414,6.387859128822984,1.0,0.0,-0.004046955477263525
cnn_full_leadwise_cleanfrac20,0,predicted,0.9181024386828049,0.9145549569469683,5.7038924930491195,0.856728327892637,0.04120221286433821,-0.003547481735836633
cnn_full_leadwise_cleanfrac20,1,oracle,0.9202920232576679,0.9177591788626185,6.387859128822984,1.0,0.0,-0.002532844395049416
cnn_full_leadwise_cleanfrac20,1,predicted,0.9202920232576679,0.9186024207221213,5.525023169601483,0.8261153427638738,0.04417471719924036,-0.0016896025355466193
cnn_full_leadwise_cleanfrac20,2,oracle,0.9187208387000764,0.9157471067750382,6.387859128822984,1.0,0.0,-0.0029737319250381367
cnn_full_leadwise_cleanfrac20,2,predicted,0.9187208387000764,0.9161485122868533,5.73725671918443,0.8520130576713819,0.05251424324993807,-0.002572326413223025
cnn_full_leadwise_cleanfrac20,3,oracle,0.9199647156570918,0.9171068743506152,6.387859128822984,1.0,0.0,-0.002857841306476594
cnn_full_leadwise_cleanfrac20,3,predicted,0.9199647156570918,0.9176067740273635,5.720111214087118,0.850417120058034,0.05127569977706217,-0.002357941629728355
cnn_full_leadwise_cleanfrac20,4,oracle,0.9184528733891147,0.9161136341191842,6.387859128822984,1.0,0.0,-0.0023392392699305153
cnn_full_leadwise_cleanfrac20,4,predicted,0.9184528733891147,0.9165231359471173,5.841056533827619,0.8800145085237577,0.039137973742878376,-0.0019297374419974256
cnn_full_leadwise,0,oracle,0.9178847217320157,0.9154729158923436,6.387859128822984,1.0,0.0,-0.0024118058396721542
cnn_full_leadwise,0,predicted,0.9178847217320157,0.9160924305099597,5.389249304911956,0.7979688066739209,0.05201882586078772,-0.0017922912220560416
cnn_full_leadwise,1,oracle,0.9206052091205468,0.9182883126871999,6.387859128822984,1.0,0.0,-0.002316896433346871
cnn_full_leadwise,1,predicted,0.9206052091205468,0.9192713634162765,5.505097312326228,0.823866521581429,0.043183882420939644,-0.001333845704270309
cnn_full_leadwise,2,oracle,0.9206033364969087,0.9173404621183506,6.387859128822984,1.0,0.0,-0.0032628743785581005
cnn_full_leadwise,2,predicted,0.9206033364969087,0.9175716614510605,5.811399443929564,0.8732680449764236,0.041532491123771775,-0.0030316750458482256
cnn_full,0,oracle,0.9204911368727945,0.9158456471966238,6.387859128822984,1.0,0.0,-0.004645489676170733
cnn_full,0,predicted,0.9204911368727945,0.9141824437963313,3.4411492122335496,0.3808487486398259,0.1796713731318636,-0.006308693076463201
cnn_full,1,oracle,0.9203990257349324,0.9177681884773243,6.387859128822984,1.0,0.0,-0.002630837257608043
cnn_full,1,predicted,0.9203990257349324,0.9151449237835866,3.6867469879518073,0.4035545883206384,0.19758896870613493,-0.005254101951345791
cnn_full,2,oracle,0.9200980444825863,0.9182272395256987,6.387859128822984,1.0,0.0,-0.0018708049568875174
cnn_full,2,predicted,0.9200980444825863,0.9150435645230223,4.6042632066728455,0.4829887558940878,0.2706630336058129,-0.0050544799595639844
tx_full,0,oracle,0.9128532908362628,0.9095648618068426,6.387859128822984,1.0,0.0,-0.00328842902942017
tx_full,0,predicted,0.9128532908362628,0.9092813930731163,3.325301204819277,0.36365614798694235,0.1785979687887045,-0.003571897763146481
tx_full,1,oracle,0.9142202256465461,0.9099709763147781,6.387859128822984,1.0,0.0,-0.004249249331768068
tx_full,1,predicted,0.9142202256465461,0.9102912869555061,4.013438368860055,0.42422923467537177,0.23226818594666007,-0.0039289386910400514
tx_full,2,oracle,0.9136932881327425,0.9083177535895179,6.387859128822984,1.0,0.0,-0.0053755345432245916
tx_full,2,predicted,0.9136932881327425,0.9065346942707212,3.8832252085264134,0.4117519042437432,0.2232681033770952,-0.007158593862021334
